CHROM	POS	REF	ALT	ANN
I	10983	C	A
I	39795	A	T
I	46064	G	C
I	68380	T	C
I	70446	G	T
I	91669	C	A
I	123315	T	A
I	130246	G	A
I	192072	G	T
I	202858	A	C
I	230578	T	A
I	248375	G	T
I	279620	T	A
I	282732	T	G
I	293732	C	T
I	295962	C	A
I	303755	T	A
I	307661	G	A
I	318198	G	A
I	372014	A	T
I	374878	C	T
I	381888	C	A
I	392109	C	T
I	393181	T	C
I	414057	C	T
I	423487	T	A
I	423488	T	A
I	443264	A	T
I	445985	A	C
I	452083	T	A
I	468693	A	G
I	470053	A	T
I	471791	C	T
I	483776	T	G
I	483821	T	G
I	498250	C	T
I	516104	G	T
I	546067	G	A
I	633872	C	T
I	658138	T	A
I	660382	A	T
I	673619	T	A
I	693827	T	A
I	725191	C	G
I	792242	A	T
I	805610	C	T
I	827577	C	T
I	828582	C	T
I	831248	C	A
I	870868	A	T
I	902126	T	G
I	902632	C	A
I	913815	G	T
I	913818	C	A
I	973187	G	C
I	995587	C	T
I	1004423	T	C
I	1017216	C	T
I	1041352	A	C
I	1042223	C	T
I	1042521	G	A
I	1044180	A	T
I	1059765	C	T
I	1061513	A	C
I	1061689	G	T
I	1095517	T	G
I	1115305	T	G
I	1129980	C	G
I	1152301	T	A
I	1160028	G	T
I	1191097	A	C
I	1206282	T	A
I	1214352	T	A
I	1221303	T	A
I	1249454	G	A
I	1262379	G	A
I	1267884	C	T
I	1271646	A	T
I	1286906	A	G
I	1297301	A	T
I	1307779	G	A
I	1308388	T	A
I	1340503	G	T
I	1374099	C	T
I	1378221	C	G
I	1408031	G	A
I	1417581	T	A
I	1436712	A	T
I	1438388	A	C
I	1457232	C	T
I	1495855	A	T
I	1498662	G	A
I	1499298	C	A
I	1508480	T	C
I	1569443	A	T
I	1583523	G	A
I	1590961	C	T
I	1599534	G	A
I	1603181	C	A
I	1603182	T	C
I	1603749	G	A
I	1611365	T	C
I	1639007	G	A
I	1656341	C	T
I	1703035	A	T
I	1718183	T	C
I	1737250	C	G
I	1739157	G	A
I	1752491	T	A
I	1762442	T	G
I	1771256	A	T
I	1816368	C	T
I	1863235	C	T
I	1873026	T	G
I	1893815	C	A
I	1918298	A	T
I	1960992	T	A
I	1977421	A	C
I	1982238	T	C
I	1990762	T	A
I	1993168	T	A
I	2004026	A	T
I	2005402	A	T
I	2020539	A	C
I	2025877	G	A
I	2033200	A	T
I	2040845	C	T
I	2042931	C	T
I	2065360	T	A
I	2070958	C	T
I	2077354	A	T
I	2079620	C	A
I	2092452	C	T
I	2108956	T	A
I	2118082	G	T
I	2118829	C	T
I	2143877	G	T
I	2145382	C	A
I	2161901	T	A
I	2165486	C	T
I	2177841	A	G
I	2226898	T	C
I	2244085	C	A
I	2297085	T	G
I	2337118	T	G
I	2381977	G	A
I	2383498	T	A
I	2417392	G	A
I	2442591	A	T
I	2469220	T	A
I	2472368	T	A
I	2479155	T	G
I	2494423	A	T
I	2520073	A	T
I	2528812	T	A
I	2583326	T	A
I	2586642	T	A
I	2633080	C	T
I	2638002	T	C
I	2678076	A	G
I	2685874	A	T
I	2694746	T	A
I	2718918	A	T
I	2733226	C	T
I	2736763	C	G
I	2742996	A	T
I	2773181	G	A
I	2780548	A	T
I	2797337	T	C
I	2806158	G	A
I	2864547	T	A
I	2889170	C	T
I	2908347	T	C
I	2945501	T	C
I	2952261	C	T
I	2963830	T	A
I	2991682	T	A
I	2993552	C	T
I	3007021	G	A
I	3008332	T	G
I	3014224	A	G
I	3061362	G	A
I	3076057	T	C
I	3082736	T	A
I	3090049	A	G
I	3111449	G	C
I	3144735	C	T
I	3146913	A	T
I	3146922	T	A
I	3187211	A	C
I	3187218	A	T
I	3211752	T	C
I	3230632	A	T
I	3244627	G	T
I	3312322	G	A
I	3322942	T	A
I	3326394	T	A
I	3331771	G	A
I	3354349	T	A
I	3371328	C	T
I	3377895	C	A
I	3383313	A	T
I	3402355	A	T
I	3413324	G	A
I	3424400	C	A
I	3441976	C	T
I	3450974	A	C
I	3453728	A	G
I	3463637	T	A
I	3503173	C	T
I	3514193	C	T
I	3519226	T	A
I	3538589	C	A
I	3577190	G	A
I	3579344	G	A
I	3593244	A	T
I	3596963	T	C
I	3602450	A	G
I	3629636	G	A
I	3634590	A	T
I	3643879	A	T
I	3655449	C	A
I	3662148	T	A
I	3729012	C	T
I	3783593	C	G
I	3789553	C	G
I	3794323	C	T
I	3839862	C	T
I	3858929	C	A
I	3867011	C	A
I	3867596	C	A
I	3956451	C	T
I	3960492	T	C
I	3978420	C	T
I	3978723	G	A
I	3988292	C	T
I	4014548	A	T
I	4028693	T	A
I	4029135	C	T
I	4029137	A	G
I	4029139	A	G
I	4029141	C	T
I	4029142	T	G
I	4047184	G	T
I	4108458	G	A
I	4164547	T	C
I	4168379	T	G
I	4183295	G	A
I	4200028	C	T
I	4214883	A	G
I	4230357	T	A
I	4230454	C	A
I	4230457	C	G
I	4243551	T	A
I	4245040	A	T
I	4246017	G	A
I	4301405	C	T
I	4325245	G	C
I	4333466	T	G
I	4368297	G	C
I	4382774	A	C
I	4383738	A	T
I	4388569	A	C
I	4398421	G	A
I	4413305	T	A
I	4421205	A	G
I	4426260	T	C
I	4472146	A	T
I	4480835	A	T
I	4496691	A	C
I	4498720	T	A
I	4547927	A	G
I	4558357	C	T
I	4600864	A	T
I	4600865	A	C
I	4605378	T	C
I	4606580	G	A
I	4613692	T	A
I	4629570	T	G
I	4634605	C	A
I	4662460	G	A
I	4667735	C	T
I	4706386	G	A
I	4727909	C	G
I	4742485	G	T
I	4791803	T	A
I	4795551	T	C
I	4818877	C	G
I	4846082	A	T
I	4872501	G	T
I	4907088	A	T
I	4936302	T	C
I	4944298	C	T
I	4946718	C	G
I	4951287	C	T
I	4981303	C	T
I	4999423	A	C
I	5000881	G	T
I	5029602	T	A
I	5048808	A	G
I	5062856	G	C
I	5063429	T	G
I	5069660	C	G
I	5075678	C	T
I	5130957	C	T
I	5140253	G	C
I	5142335	T	C
I	5150405	T	G
I	5199089	T	A
I	5233721	T	A
I	5268206	G	A
I	5274919	A	C
I	5281046	A	T
I	5323023	C	T
I	5362761	G	T
I	5366776	C	T
I	5384861	G	A
I	5389863	G	T
I	5393369	A	T
I	5395148	C	G
I	5458843	C	T
I	5482498	G	A
I	5496193	T	A
I	5497026	A	C
I	5526855	C	T
I	5671960	A	G
I	5674672	T	A
I	5689140	G	A
I	5691976	G	A
I	5824167	G	T
I	5884339	G	A
I	5896359	A	T
I	5944353	A	G
I	5965922	T	C
I	5978134	A	T
I	5993993	T	A
I	5996354	C	A
I	6036536	T	G
I	6042559	A	C
I	6056022	C	A
I	6164291	C	T
I	6273418	C	T
I	6291234	G	T
I	6313279	A	C
I	6333112	A	T
I	6336132	T	A
I	6344194	T	A
I	6407636	G	A
I	6419806	T	C
I	6464257	T	A
I	6483148	C	A
I	6495286	G	C
I	6545114	T	C
I	6611148	A	G
I	6632450	A	T
I	6634384	A	T
I	6644899	A	T
I	6677866	A	C
I	6687120	T	G
I	6696092	T	A
I	6733273	G	T
I	6776868	C	T
I	6811485	T	A
I	6814362	G	A
I	6821846	T	A
I	6844299	G	A
I	6882789	C	T
I	6882932	C	T
I	6894562	G	T
I	6898143	T	C
I	6912612	T	C
I	6912613	T	G
I	6915560	A	G
I	6917993	C	G
I	6934412	G	C
I	6943167	G	A
I	6959498	G	T
I	6978319	A	T
I	6978818	G	T
I	7013019	G	A
I	7042073	A	G
I	7088740	T	C
I	7115811	G	A
I	7117301	A	T
I	7122891	A	G
I	7143865	A	T
I	7146069	C	G
I	7184689	A	C
I	7209880	T	G
I	7216777	T	G
I	7238946	G	C
I	7287989	C	T
I	7299798	G	A
I	7309719	C	A
I	7368189	A	T
I	7380981	T	C
I	7429366	C	T
I	7430169	C	T
I	7456904	T	A
I	7536088	C	T
I	7543984	G	C
I	7559493	C	A
I	7593112	T	A
I	7597388	A	T
I	7597389	G	A
I	7672710	A	T
I	7704982	T	A
I	7711921	G	A
I	7715688	T	C
I	7726450	C	A
I	7726479	G	A
I	7736847	C	A
I	7805289	G	T
I	7825202	G	A
I	7871605	G	A
I	7876161	A	T
I	7883529	C	G
I	7926833	T	C
I	7993033	T	A
I	7995798	C	T
I	8038306	C	T
I	8038580	T	A
I	8041705	G	T
I	8054171	T	A
I	8071498	C	A
I	8105831	A	T
I	8146125	C	T
I	8194229	A	C
I	8214666	C	A
I	8230232	C	T
I	8265300	C	T
I	8278999	T	G
I	8290796	C	A
I	8303124	C	A
I	8304551	A	T
I	8307285	T	A
I	8314668	C	T
I	8321605	A	T
I	8331307	G	A
I	8381865	A	T
I	8395735	T	A
I	8435827	G	A
I	8458884	T	G
I	8494634	T	A
I	8494635	C	T
I	8507451	T	A
I	8510415	A	T
I	8535900	T	A
I	8540880	A	G
I	8559478	C	T
I	8560158	A	T
I	8561434	T	A
I	8570795	T	C
I	8585402	C	A
I	8586189	G	A
I	8617555	T	G
I	8647190	G	C
I	8690095	T	C
I	8709767	A	T
I	8766436	C	A
I	8771276	T	C
I	8776114	C	A
I	8787679	A	C
I	8864441	C	T
I	8919246	G	T
I	8987784	C	G
I	8991978	G	T
I	9011351	G	A
I	9019085	T	A
I	9090237	A	T
I	9100676	A	T
I	9113755	A	T
I	9226018	C	A
I	9243587	A	T
I	9317967	T	C
I	9353223	A	C
I	9364124	A	T
I	9387868	T	G
I	9405152	T	C
I	9414920	G	A
I	9459135	T	C
I	9459700	T	C
I	9462633	C	T
I	9467689	C	T
I	9485081	T	G
I	9492719	G	T
I	9511105	G	A
I	9516229	T	A
I	9586070	T	A
I	9598809	A	T
I	9633796	A	G
I	9687203	G	T
I	9689661	C	T
I	9701492	A	T
I	9709835	C	T
I	9714126	A	T
I	9735927	G	A
I	9752222	C	T
I	9769627	C	G
I	9802773	C	T
I	9803161	A	C
I	9857767	T	A
I	9866902	T	A
I	9877235	A	G
I	9903705	T	A
I	9910111	T	C
I	9918464	G	T
I	9932908	T	C
I	9949219	C	T
I	9970988	T	A
I	9975169	T	A
I	9975544	C	T
I	9976589	G	A
I	9989643	A	G
I	10026152	G	C
I	10029810	C	A
I	10033735	A	T
I	10074633	T	G
I	10089445	G	A
I	10117227	T	C
I	10150925	T	C
I	10151543	G	T
I	10160356	T	C
I	10245933	G	C
I	10249282	T	C
I	10386758	A	T
I	10407072	C	T
I	10456866	G	A
I	10518990	C	T
I	10522871	G	C
I	10522919	C	T
I	10536810	G	T
I	10579665	C	T
I	10602499	G	A
I	10603656	C	G
I	10610409	C	A
I	10610414	T	G
I	10630542	C	T
I	10630811	G	C
I	10654089	C	A
I	10673530	T	G
I	10673753	G	A
I	10717250	A	G
I	10722733	G	A
I	10735419	T	G
I	10736262	T	A
I	10776796	T	A
I	10844737	A	T
I	10857612	G	A
I	10860081	C	T
I	10895228	G	T
I	10931944	T	A
I	10945987	G	A
I	10945990	A	G
I	10953311	T	G
I	10971048	A	G
I	10992127	T	A
I	10999778	A	T
I	11035200	T	A
I	11052215	T	A
I	11070339	C	T
I	11079871	G	A
I	11083465	C	T
I	11087583	A	C
I	11116083	A	T
I	11122856	C	T
I	11131502	A	T
I	11146251	A	T
I	11157631	T	A
I	11166649	T	G
I	11167207	T	C
I	11212825	A	G
I	11218783	G	A
I	11219532	G	A
I	11219856	A	T
I	11249666	G	T
I	11259577	T	C
I	11259936	A	T
I	11270697	C	T
I	11285830	G	T
I	11327024	G	A
I	11365375	T	A
I	11372400	T	C
I	11375331	A	C
I	11375755	C	A
I	11386564	G	A
I	11400320	A	T
I	11410205	A	T
I	11411372	G	A
I	11411393	C	A
I	11464130	T	A
I	11498106	G	A
I	11509987	T	A
I	11548428	G	A
I	11548484	C	G
I	11561745	G	A
I	11572832	T	A
I	11578665	C	T
I	11615293	G	T
I	11615306	A	T
I	11666355	T	A
I	11702918	C	T
I	11746704	C	T
I	11747187	C	T
I	11752457	C	A
I	11762433	A	T
I	11770881	T	A
I	11772189	C	T
I	11783554	G	C
I	11783607	C	G
I	11796238	C	T
I	11802598	T	A
I	11830623	G	A
I	11840628	A	T
I	11842142	A	T
I	11845591	G	A
I	11845592	T	A
I	11846504	G	A
I	11852156	T	A
I	11857824	T	C
I	11877763	G	A
I	11902042	A	T
I	11904205	G	T
I	11921315	G	A
I	11921446	T	A
I	11924058	C	T
I	11943437	C	T
I	11952726	G	A
I	11988383	G	C
I	12007259	A	G
I	12012372	T	C
I	12025514	C	A
I	12039660	G	C
I	12048991	A	T
I	12049264	C	T
I	12049754	T	C
I	12067471	T	G
I	12070749	T	A
I	12072767	T	C
I	12085990	T	A
I	12097292	A	G
I	12105652	A	T
I	12124633	A	C
I	12145890	C	T
I	12174265	A	T
I	12216403	A	T
I	12219157	C	T
I	12246774	T	G
I	12289639	G	T
I	12289655	C	A
I	12294751	T	A
I	12355538	G	T
I	12367314	C	A
I	12368119	A	C
I	12373790	G	T
I	12393645	C	G
I	12452483	A	G
I	12452917	A	G
I	12460682	T	A
I	12486731	T	A
I	12491228	C	A
I	12499053	G	C
I	12575308	A	T
I	12593687	G	C
I	12610420	A	T
I	12624647	C	G
I	12665794	A	C
I	12671302	T	A
I	12681826	T	A
I	12694064	A	T
I	12731637	A	T
I	12744309	A	T
I	12783921	A	G
I	12789984	T	G
I	12796678	G	A
I	12820516	A	T
I	12908412	A	G
I	12920793	C	A
I	12922740	A	T
I	12922844	G	T
I	12928947	C	A
I	12985498	G	C
I	12994235	A	C
I	13000455	A	T
I	13005651	G	A
I	13019572	A	T
I	13040693	C	T
I	13055946	A	T
I	13083423	T	C
I	13114380	G	A
I	13119393	T	C
I	13121194	T	C
I	13122922	G	A
I	13126762	C	A
I	13158960	G	A
I	13161614	A	T
I	13169136	A	T
I	13200752	T	C
I	13237385	G	A
I	13310870	A	T
I	13330133	T	C
I	13348458	A	G
I	13349502	T	A
I	13350060	T	A
I	13354238	A	T
I	13356084	T	A
I	13358488	A	T
I	13364701	A	T
I	13416007	A	G
I	13427349	T	C
I	13427352	T	C
I	13427355	A	G
I	13427737	A	G
I	13429393	G	C
I	13439578	C	A
I	13458372	T	A
I	13482559	A	C
I	13496335	A	G
I	13509038	C	T
I	13527168	A	T
I	13581130	T	G
I	13616045	A	C
I	13622312	C	T
I	13642592	A	G
I	13644586	G	A
I	13667828	T	C
I	13671576	A	T
I	13692585	A	T
I	13703862	T	C
I	13706339	G	T
I	13732276	C	T
I	13738693	T	A
I	13745269	T	A
I	13767412	T	G
I	13777526	G	A
I	13794211	A	T
I	13797535	T	C
I	13798286	C	A
I	13800639	T	A
I	13821191	C	A
I	13823263	T	G
I	13871779	A	T
I	13879070	C	T
I	13909753	G	C
I	13950691	T	G
I	13990190	G	T
I	14002504	C	A
I	14013225	C	T
I	14013980	T	A
I	14023950	A	T
I	14038801	A	T
I	14078440	G	A
I	14083273	A	T
I	14099729	A	T
I	14127679	G	A
I	14156938	G	A
I	14212687	T	C
I	14216639	A	T
I	14309552	G	A
I	14319073	A	T
I	14328941	T	A
I	14340457	T	C
I	14347142	T	A
I	14354885	C	A
I	14376115	A	G
I	14383391	A	T
I	14396411	G	A
I	14405654	A	T
I	14411221	C	T
I	14411730	T	A
I	14414751	G	A
I	14482022	A	T
I	14503373	A	T
I	14508416	G	A
I	14524932	T	G
I	14527051	C	T
I	14529117	C	T
I	14573545	G	T
I	14600355	C	A
I	14628333	A	G
I	14637166	A	T
I	14642087	A	T
I	14672342	A	T
I	14700460	T	C
I	14745482	T	A
I	14771672	T	G
I	14785547	C	T
I	14802864	A	C
I	14807701	T	A
I	14837221	A	C
I	14841847	C	A
I	14846904	C	A
I	14853680	T	A
I	14905141	A	T
I	14944334	A	C
I	14944454	C	T
I	14946770	C	T
I	14976586	C	G
I	14985274	C	T
I	14999300	C	A
I	15003277	C	T
I	15040090	T	G
I	15059153	G	A
II	419	C	G
II	593	C	T
II	54944	G	A
II	69302	G	A
II	71259	G	C
II	73093	G	A
II	96721	T	A
II	115244	C	T
II	124725	A	G
II	150683	T	G
II	158861	A	C
II	212390	T	A
II	217420	C	T
II	249181	C	A
II	256020	G	A
II	257694	T	C
II	277119	T	A
II	291882	T	G
II	330982	G	A
II	332013	A	G
II	358797	A	G
II	365001	C	G
II	388290	T	A
II	418625	C	T
II	421003	C	T
II	447721	G	A
II	490508	G	C
II	492485	A	T
II	516921	G	T
II	524902	A	C
II	541485	T	G
II	583766	T	A
II	627841	A	T
II	640111	C	A
II	672459	A	T
II	686121	T	A
II	686122	T	A
II	720328	A	T
II	730166	G	A
II	742623	T	C
II	773927	T	A
II	775930	T	A
II	797161	G	A
II	799842	G	A
II	801785	T	C
II	804942	A	C
II	810686	C	A
II	821796	A	G
II	859716	T	A
II	859720	G	A
II	905218	T	A
II	934535	C	T
II	955619	G	A
II	973492	A	T
II	1028368	G	T
II	1048978	T	A
II	1062005	C	T
II	1072370	C	T
II	1074219	A	G
II	1096083	A	T
II	1099580	A	T
II	1108470	A	T
II	1113146	G	T
II	1130050	C	T
II	1162635	C	T
II	1179749	A	T
II	1181473	C	A
II	1183063	G	T
II	1189765	T	C
II	1217152	T	G
II	1231979	G	A
II	1236962	C	G
II	1254283	G	T
II	1255062	A	T
II	1255807	A	T
II	1281320	A	C
II	1292736	A	C
II	1297792	A	T
II	1310829	A	C
II	1315732	T	A
II	1338920	T	A
II	1346038	G	C
II	1347035	G	A
II	1429258	T	A
II	1433429	A	G
II	1469492	T	A
II	1484022	A	T
II	1493362	A	G
II	1529206	A	T
II	1554995	T	G
II	1569857	C	T
II	1574188	A	C
II	1591462	A	C
II	1594018	C	G
II	1606087	T	A
II	1617780	C	A
II	1619342	T	A
II	1622761	G	A
II	1656662	A	T
II	1673628	C	T
II	1682041	T	A
II	1685815	A	T
II	1732149	G	T
II	1745281	C	G
II	1758515	T	A
II	1808902	G	A
II	1835883	G	C
II	1856700	C	T
II	1891529	G	C
II	1911904	T	A
II	1926072	A	T
II	1926760	C	T
II	1931993	A	C
II	1943094	C	T
II	1957911	G	T
II	1992094	G	T
II	2040402	G	A
II	2040776	G	T
II	2048407	A	T
II	2054163	A	T
II	2062052	G	A
II	2121867	A	G
II	2129645	G	T
II	2154819	G	A
II	2162083	G	C
II	2166696	T	G
II	2197603	G	A
II	2201254	T	A
II	2227581	A	T
II	2229691	A	T
II	2252146	G	C
II	2254252	C	T
II	2277093	G	A
II	2278218	C	T
II	2278219	C	T
II	2302647	G	C
II	2313409	T	A
II	2321690	A	T
II	2363816	C	A
II	2384587	G	A
II	2396762	A	G
II	2428186	G	A
II	2428449	A	T
II	2433718	T	A
II	2456461	A	T
II	2477580	T	A
II	2477756	C	T
II	2477759	G	T
II	2477766	T	A
II	2486432	A	G
II	2494865	A	T
II	2503825	C	A
II	2512448	G	A
II	2530554	T	A
II	2559358	T	G
II	2627797	C	A
II	2631526	G	A
II	2693140	A	C
II	2728012	A	C
II	2799501	A	T
II	2815168	A	T
II	2826691	G	A
II	2851969	A	T
II	2852013	A	T
II	2862568	T	C
II	2892227	G	T
II	2922337	G	C
II	2998242	A	C
II	3011134	C	T
II	3022809	C	A
II	3035772	T	C
II	3037558	C	T
II	3066992	A	G
II	3067091	A	T
II	3067314	C	G
II	3170508	A	T
II	3178806	A	T
II	3181404	G	A
II	3208776	G	T
II	3236971	T	C
II	3239902	G	A
II	3249956	C	T
II	3252979	G	T
II	3267447	C	T
II	3267744	A	C
II	3284933	C	A
II	3307440	G	A
II	3317911	G	T
II	3334958	C	G
II	3342094	A	C
II	3345129	C	T
II	3359382	G	C
II	3366128	T	A
II	3377156	G	A
II	3377251	C	G
II	3378725	A	G
II	3411800	T	G
II	3420749	G	C
II	3430809	C	T
II	3464651	A	G
II	3475546	A	T
II	3488743	T	A
II	3512598	C	T
II	3543562	A	T
II	3565785	A	T
II	3571121	A	G
II	3655231	C	A
II	3662640	A	G
II	3697916	A	T
II	3708113	G	C
II	3733405	T	A
II	3796110	T	A
II	3888752	A	T
II	3930434	C	A
II	3987814	C	T
II	3996722	C	T
II	4002317	T	G
II	4023803	T	A
II	4035450	A	T
II	4050047	T	A
II	4075256	G	A
II	4084701	G	A
II	4084702	T	G
II	4103629	A	T
II	4121425	A	T
II	4168659	T	A
II	4192541	G	T
II	4214030	C	T
II	4252524	G	C
II	4349264	A	T
II	4390378	A	G
II	4390616	C	G
II	4396586	A	G
II	4430560	G	A
II	4432728	C	G
II	4444512	A	G
II	4466000	A	G
II	4472548	T	A
II	4486220	T	C
II	4544104	T	C
II	4550113	G	A
II	4553523	G	C
II	4571070	G	T
II	4574070	A	T
II	4598076	T	A
II	4686625	G	A
II	4687120	G	T
II	4693876	G	C
II	4697929	A	T
II	4753293	T	A
II	4784690	C	T
II	4825401	C	T
II	4910087	C	A
II	4918159	T	A
II	4918160	T	A
II	4984222	G	C
II	5009358	G	T
II	5019784	G	A
II	5026179	T	G
II	5080350	T	A
II	5101708	G	A
II	5104299	G	T
II	5107099	A	T
II	5132252	C	T
II	5183561	A	C
II	5188885	A	C
II	5206694	C	T
II	5235049	C	A
II	5245616	G	T
II	5262908	T	A
II	5270458	T	A
II	5277219	G	T
II	5318519	C	T
II	5351818	T	G
II	5360465	A	T
II	5383770	T	A
II	5415749	C	T
II	5418243	A	T
II	5445857	C	T
II	5467291	A	T
II	5471714	G	A
II	5471785	A	T
II	5485163	C	T
II	5490246	G	A
II	5510870	G	T
II	5533421	T	A
II	5535181	T	A
II	5540173	G	A
II	5542546	A	T
II	5558560	A	T
II	5616637	T	G
II	5652112	C	T
II	5668473	A	T
II	5751888	G	T
II	5778636	G	A
II	5780481	A	G
II	5844635	A	T
II	5847022	C	T
II	5848001	G	T
II	5884421	C	A
II	5904862	A	C
II	5924202	C	T
II	5961177	C	A
II	6009635	G	A
II	6022933	C	T
II	6044814	T	A
II	6047177	G	A
II	6067137	C	T
II	6096448	G	A
II	6107053	A	T
II	6110477	A	G
II	6187568	T	C
II	6202180	T	C
II	6238025	G	A
II	6253048	T	C
II	6317026	A	T
II	6317436	G	A
II	6318698	T	C
II	6335064	G	A
II	6388154	G	A
II	6410458	C	T
II	6414497	G	A
II	6455946	G	A
II	6497479	C	A
II	6516476	T	C
II	6560292	T	A
II	6582982	G	A
II	6588013	T	C
II	6598679	T	G
II	6617006	G	C
II	6620764	T	C
II	6620765	C	T
II	6626691	T	G
II	6667601	C	A
II	6675253	C	A
II	6676885	T	A
II	6724137	A	C
II	6728486	A	G
II	6780491	A	G
II	6799954	G	C
II	6825249	G	C
II	6842761	C	G
II	6847052	C	G
II	6885810	T	A
II	6892929	G	A
II	6892947	C	T
II	6901834	G	C
II	6904440	G	A
II	6948900	T	A
II	6976539	C	T
II	7005456	T	A
II	7006833	T	G
II	7083072	C	T
II	7086446	C	G
II	7114145	C	T
II	7114574	G	A
II	7120462	G	A
II	7159934	C	G
II	7169066	G	T
II	7170229	G	C
II	7171898	G	A
II	7231687	G	A
II	7263259	A	T
II	7263800	A	T
II	7266827	C	G
II	7311047	C	T
II	7321060	C	A
II	7328504	T	A
II	7383845	G	A
II	7384779	T	A
II	7425420	T	C
II	7426856	G	A
II	7431581	T	C
II	7453286	T	G
II	7453292	C	T
II	7454896	T	A
II	7473859	G	A
II	7490085	C	G
II	7510683	C	T
II	7521508	C	T
II	7540787	G	A
II	7547210	C	T
II	7592039	G	A
II	7605410	C	T
II	7611675	C	G
II	7611978	T	C
II	7661529	C	T
II	7724451	A	T
II	7752440	C	T
II	7760309	A	G
II	7781022	T	C
II	7792108	A	T
II	7796196	T	A
II	7808840	A	T
II	7808842	A	T
II	7808844	A	C
II	7867403	A	T
II	7871174	A	T
II	7884231	G	A
II	7896032	G	A
II	7973755	T	G
II	8061314	A	T
II	8081357	T	A
II	8097898	A	T
II	8147200	T	A
II	8238747	C	T
II	8239197	C	A
II	8270876	G	C
II	8271014	C	T
II	8308597	C	T
II	8371337	C	T
II	8371790	A	T
II	8378976	C	T
II	8407773	C	A
II	8419630	G	A
II	8443827	C	T
II	8464534	A	T
II	8482841	C	T
II	8502142	G	A
II	8517173	T	C
II	8534137	A	C
II	8563982	G	T
II	8565760	C	A
II	8631827	A	G
II	8632359	A	T
II	8689231	C	T
II	8786921	T	A
II	8793699	T	A
II	8831812	A	T
II	8840904	T	G
II	8871015	G	C
II	8880425	C	G
II	8889834	T	G
II	8909105	A	G
II	8909109	C	T
II	8909115	T	A
II	8927337	A	C
II	8953750	A	T
II	8970650	T	C
II	9003146	C	A
II	9017892	A	G
II	9028804	A	T
II	9037404	G	A
II	9043921	G	A
II	9054979	A	T
II	9056755	G	A
II	9058873	A	T
II	9092777	T	A
II	9098999	T	A
II	9125702	A	T
II	9146916	A	C
II	9173228	C	A
II	9192505	A	T
II	9216754	A	G
II	9226939	C	T
II	9254484	G	A
II	9255231	G	C
II	9259732	C	T
II	9278745	A	T
II	9302393	T	A
II	9344903	C	A
II	9351439	C	A
II	9351511	G	A
II	9388424	G	A
II	9388891	A	T
II	9402646	T	C
II	9418879	C	T
II	9439917	T	A
II	9463606	T	G
II	9469714	T	A
II	9474798	C	T
II	9500568	G	C
II	9517757	G	A
II	9520742	C	T
II	9523406	T	A
II	9532131	T	C
II	9541554	G	A
II	9541733	A	T
II	9558391	T	C
II	9573656	G	C
II	9577378	T	A
II	9587762	A	T
II	9599353	C	A
II	9623844	T	A
II	9630776	G	A
II	9660435	T	A
II	9720301	T	A
II	9780739	G	C
II	9796172	G	T
II	9829386	T	C
II	9830403	T	A
II	9840611	G	A
II	9842830	G	T
II	9858294	A	G
II	9858295	A	T
II	9899106	C	T
II	9914332	T	A
II	9925608	G	T
II	9965089	A	C
II	9967610	A	T
II	9984194	T	G
II	10026598	G	C
II	10078559	T	A
II	10092279	T	C
II	10146901	G	T
II	10153521	C	G
II	10176169	C	T
II	10186675	C	T
II	10213047	T	A
II	10253386	C	A
II	10263693	C	T
II	10263819	T	A
II	10272558	T	C
II	10272559	G	T
II	10278586	C	G
II	10306347	T	G
II	10370952	G	A
II	10376999	C	T
II	10408503	G	A
II	10511433	T	C
II	10567137	T	A
II	10611817	A	C
II	10620084	C	G
II	10620611	A	C
II	10647318	G	A
II	10688462	C	T
II	10724542	T	A
II	10732968	A	T
II	10739013	G	A
II	10799981	C	T
II	10817414	A	T
II	10827669	T	A
II	10830283	C	T
II	10840790	T	A
II	10852306	T	C
II	10858190	C	G
II	10889506	T	C
II	10893137	G	A
II	10907872	T	A
II	10912169	A	G
II	10958332	T	C
II	10985772	G	T
II	11015763	G	A
II	11029393	A	T
II	11045573	G	C
II	11070763	C	T
II	11078773	A	T
II	11175758	G	A
II	11243174	A	T
II	11277845	C	T
II	11348295	A	T
II	11350175	A	T
II	11371624	A	C
II	11389387	T	A
II	11392783	A	G
II	11414621	G	C
II	11537366	C	A
II	11537367	T	G
II	11562563	G	T
II	11567104	C	A
II	11567105	G	A
II	11590217	C	T
II	11598785	G	C
II	11627630	G	A
II	11635002	C	T
II	11658596	G	A
II	11774188	C	A
II	11781389	T	C
II	11841985	C	G
II	11863552	C	T
II	11902248	T	C
II	11913918	A	T
II	11944493	G	A
II	11949846	C	T
II	11960614	C	G
II	11966981	G	A
II	11980766	T	A
II	11983516	T	A
II	11997238	A	T
II	12002504	C	G
II	12016325	C	G
II	12019093	A	T
II	12022265	G	A
II	12025117	T	A
II	12047795	A	C
II	12073099	A	T
II	12076500	G	C
II	12086069	A	T
II	12100485	T	C
II	12139544	T	A
II	12141414	A	T
II	12155736	C	G
II	12171176	G	A
II	12182933	C	T
II	12191667	C	T
II	12209948	A	T
II	12219136	T	C
II	12221893	C	A
II	12226936	A	T
II	12227023	C	A
II	12228882	A	T
II	12248453	A	T
II	12254867	T	A
II	12273112	T	A
II	12290232	A	C
II	12291090	G	A
II	12299410	T	A
II	12333727	T	A
II	12342607	C	A
II	12348037	T	A
II	12361830	T	A
II	12361888	A	T
II	12378530	A	T
II	12392227	G	A
II	12404733	G	T
II	12411020	C	T
II	12417555	G	A
II	12423501	A	T
II	12440946	C	T
II	12486930	T	A
II	12496291	A	G
II	12527446	T	G
II	12541346	T	A
II	12541542	C	A
II	12584082	T	A
II	12626336	C	T
II	12664306	A	T
II	12696824	G	C
II	12717756	A	T
II	12720224	G	A
II	12755629	C	G
II	12772023	A	T
II	12778737	A	G
II	12800972	G	T
II	12823338	C	T
II	12825960	T	G
II	12837019	T	A
II	12843266	T	A
II	12854635	T	A
II	12887439	A	C
II	12907818	A	G
II	12914849	C	G
II	12937638	T	A
II	12938237	A	T
II	12941885	G	A
II	12966814	T	C
II	12992523	C	T
II	13000186	T	A
II	13015828	T	G
II	13020686	A	G
II	13083852	A	T
II	13087799	C	T
II	13087883	G	A
II	13102501	G	C
II	13110320	A	G
II	13122739	A	G
II	13132738	G	A
II	13143021	G	C
II	13145504	T	A
II	13147092	T	A
II	13149358	G	T
II	13151658	G	T
II	13165147	G	A
II	13165209	G	A
II	13186486	G	T
II	13195072	C	T
II	13240075	C	T
II	13257767	A	C
II	13265795	G	A
II	13271963	G	T
II	13312554	G	C
II	13344789	T	A
II	13353405	C	A
II	13359218	T	C
II	13389895	T	A
II	13405480	A	T
II	13410220	C	T
II	13422216	C	G
II	13441293	C	T
II	13497278	T	A
II	13509718	T	C
II	13518483	A	T
II	13518801	C	T
II	13522283	T	G
II	13542921	T	C
II	13569228	A	T
II	13610338	G	T
II	13613842	T	A
II	13642488	A	C
II	13671428	C	A
II	13679623	G	A
II	13682876	C	A
II	13704597	A	T
II	13738387	C	T
II	13768385	A	C
II	13770916	G	C
II	13782506	A	T
II	13802698	A	T
II	13803692	G	A
II	13839153	T	A
II	13872034	T	C
II	13893098	C	A
II	13893286	C	T
II	13919113	A	T
II	13949537	C	G
II	14019064	G	T
II	14052339	A	C
II	14080523	T	A
II	14081342	A	T
II	14091190	G	A
II	14102704	C	T
II	14128730	T	A
II	14149581	C	T
II	14150666	G	A
II	14151927	A	G
II	14158126	G	A
II	14173765	A	C
II	14175183	T	C
II	14216872	A	T
II	14231078	A	T
II	14253217	C	T
II	14256417	A	T
II	14265002	C	T
II	14312058	T	A
II	14332544	G	A
II	14341960	C	T
II	14342833	A	T
II	14349794	G	A
II	14359393	T	C
II	14367265	A	T
II	14402339	A	T
II	14433973	G	A
II	14450728	C	A
II	14452540	T	C
II	14485941	C	T
II	14494954	T	C
II	14508713	A	T
II	14516294	T	A
II	14523996	A	T
II	14608447	G	A
II	14611781	A	T
II	14615671	G	A
II	14629635	T	C
II	14642258	T	G
II	14656891	C	T
II	14657790	C	T
II	14660836	T	C
II	14704561	C	T
II	14744759	A	T
II	14747687	A	T
II	14748849	T	C
II	14755352	T	A
II	14765749	C	T
II	14791294	C	T
II	14803242	G	A
II	14857738	T	C
II	14857739	T	A
II	14886513	A	G
II	14918497	T	A
II	14937556	G	A
II	14939680	A	T
II	14973844	A	T
II	14995406	T	A
II	15045506	C	T
II	15132674	G	C
II	15159276	T	C
II	15202603	C	T
II	15248918	T	C
III	7784	C	A
III	41240	G	A
III	62295	G	A
III	74379	C	T
III	90799	T	A
III	93042	C	A
III	96279	G	T
III	97056	C	T
III	119750	C	T
III	166997	A	T
III	222742	C	T
III	260736	T	G
III	351267	G	C
III	360219	C	A
III	364475	C	T
III	366220	C	T
III	377177	C	T
III	410201	T	A
III	469045	G	A
III	475558	A	T
III	486891	G	A
III	489084	G	A
III	494248	A	T
III	508992	G	A
III	601619	C	G
III	640063	T	A
III	648346	T	G
III	652124	G	A
III	661799	C	T
III	714586	C	T
III	737346	A	C
III	738494	A	T
III	771179	C	T
III	779915	T	G
III	791460	C	T
III	807174	A	T
III	816415	T	A
III	840613	T	A
III	847326	G	A
III	857950	G	A
III	888618	A	G
III	899715	G	C
III	929128	G	A
III	939472	T	A
III	982664	T	A
III	1010863	G	A
III	1043850	A	T
III	1046952	C	T
III	1050106	C	G
III	1060290	C	T
III	1093149	C	T
III	1106804	T	C
III	1107820	T	A
III	1107821	C	A
III	1111207	T	C
III	1165412	C	A
III	1191744	G	T
III	1196589	C	A
III	1198787	C	G
III	1207661	G	A
III	1245172	C	G
III	1249748	G	A
III	1282524	G	A
III	1352582	G	A
III	1352741	A	C
III	1387254	A	T
III	1415621	A	T
III	1430584	A	T
III	1462382	C	T
III	1470404	C	T
III	1479599	A	T
III	1479758	A	T
III	1534458	A	G
III	1537909	A	G
III	1538820	A	G
III	1543982	T	A
III	1549954	A	T
III	1551603	C	G
III	1551668	A	T
III	1564806	G	A
III	1568757	C	T
III	1597170	C	T
III	1606641	T	A
III	1632871	T	A
III	1634697	T	A
III	1642560	A	T
III	1642816	G	A
III	1646945	C	A
III	1665691	A	T
III	1673171	T	A
III	1675947	T	C
III	1676140	A	T
III	1696042	G	T
III	1696043	T	C
III	1702533	A	G
III	1736492	C	T
III	1745789	A	G
III	1778574	G	C
III	1824604	A	G
III	1831247	A	T
III	1857895	A	T
III	1873589	T	A
III	1877214	G	A
III	1880953	A	G
III	1881279	G	T
III	1881397	T	C
III	1881426	G	A
III	1881760	A	T
III	1881777	T	A
III	1901087	C	G
III	1914915	C	A
III	1944143	A	T
III	1949256	C	T
III	1959652	C	A
III	1969849	C	T
III	1990649	G	C
III	1996086	T	A
III	2026750	C	T
III	2026751	G	T
III	2070239	C	T
III	2075789	G	C
III	2097061	G	A
III	2116602	C	T
III	2139510	G	T
III	2140466	C	A
III	2174033	A	T
III	2181468	A	T
III	2213593	T	C
III	2229415	T	G
III	2232293	C	T
III	2267385	T	A
III	2272829	G	A
III	2290999	T	A
III	2304938	A	C
III	2329676	G	C
III	2343875	T	A
III	2345348	G	C
III	2348549	A	T
III	2365699	A	T
III	2393851	G	T
III	2408975	A	G
III	2467796	G	A
III	2481388	C	T
III	2487873	T	G
III	2514702	A	T
III	2516623	A	T
III	2529902	G	C
III	2538793	G	A
III	2539860	C	T
III	2563878	C	T
III	2591497	A	T
III	2592774	C	A
III	2595065	T	C
III	2602680	T	G
III	2633767	C	T
III	2655466	A	T
III	2674957	A	T
III	2729299	T	A
III	2729555	G	A
III	2731587	T	C
III	2731588	C	A
III	2746495	G	A
III	2780214	T	C
III	2808948	A	C
III	2829782	T	A
III	2829825	G	A
III	2877306	T	G
III	2877312	T	C
III	2877318	T	G
III	2877331	G	A
III	2877335	G	C
III	2877341	T	G
III	2877348	T	C
III	2885416	T	A
III	2919622	A	C
III	2921633	T	A
III	2933107	C	T
III	2943284	T	C
III	2968653	A	T
III	2971361	A	T
III	2984711	C	G
III	3000582	T	A
III	3008466	T	A
III	3014139	T	C
III	3019658	G	A
III	3035674	G	T
III	3071527	G	A
III	3072036	G	C
III	3088547	G	A
III	3100032	A	C
III	3101998	A	T
III	3104450	A	T
III	3113250	A	G
III	3121727	T	G
III	3122671	T	G
III	3151637	G	T
III	3162511	G	A
III	3236892	T	A
III	3248308	G	T
III	3252482	T	G
III	3264328	C	G
III	3306564	C	T
III	3307382	T	C
III	3311879	A	T
III	3320490	T	C
III	3378861	T	C
III	3389399	G	A
III	3410422	C	A
III	3415718	C	T
III	3421570	T	G
III	3429451	A	C
III	3439415	C	T
III	3447229	C	A
III	3462587	T	A
III	3470345	A	T
III	3479983	T	G
III	3481401	T	A
III	3492299	C	T
III	3504960	G	A
III	3549729	G	A
III	3555813	C	T
III	3559910	C	T
III	3580148	T	G
III	3582121	A	T
III	3585985	C	T
III	3592555	C	T
III	3592688	A	T
III	3598695	A	T
III	3617578	T	C
III	3618134	A	T
III	3641669	G	A
III	3658835	T	G
III	3660535	T	A
III	3714980	T	C
III	3751007	A	C
III	3753592	T	A
III	3772506	G	A
III	3831232	A	T
III	3834495	T	C
III	3849683	C	G
III	3876526	C	A
III	3886387	A	T
III	3951132	C	T
III	3967072	G	A
III	4001481	G	T
III	4030619	G	A
III	4033051	C	T
III	4057972	G	A
III	4083576	G	A
III	4098162	T	C
III	4173835	C	G
III	4181006	G	A
III	4205601	G	A
III	4308214	G	A
III	4339418	C	A
III	4341604	A	T
III	4349271	A	T
III	4356318	C	T
III	4357245	A	T
III	4381404	C	A
III	4420501	T	A
III	4421745	A	T
III	4427386	A	T
III	4427863	C	G
III	4429033	G	T
III	4484656	C	A
III	4486234	T	A
III	4489637	C	T
III	4531476	G	C
III	4558532	G	T
III	4568715	G	A
III	4600093	C	G
III	4607168	T	A
III	4612011	A	C
III	4644691	G	A
III	4657720	G	C
III	4665829	A	G
III	4704340	T	A
III	4712574	A	G
III	4772631	G	A
III	4776832	C	A
III	4776834	A	T
III	4836437	T	A
III	4859842	T	C
III	4906497	T	C
III	4939774	T	A
III	4946569	G	T
III	4958715	A	T
III	5028808	C	G
III	5071915	T	A
III	5081887	A	T
III	5103106	C	G
III	5106228	T	C
III	5141098	C	T
III	5162773	T	C
III	5221364	C	A
III	5231950	G	C
III	5236202	A	T
III	5307394	T	C
III	5332996	T	A
III	5334251	C	A
III	5335359	G	C
III	5336046	T	A
III	5346718	G	T
III	5359119	G	T
III	5385921	T	C
III	5444825	A	T
III	5454555	A	T
III	5482422	A	T
III	5605199	C	T
III	5638244	G	C
III	5665016	T	A
III	5724363	T	A
III	5744448	G	A
III	5757803	C	G
III	5786329	A	T
III	5833081	A	G
III	5898146	A	T
III	5906890	C	T
III	5908584	C	T
III	5930347	C	T
III	5935605	C	T
III	5944577	C	T
III	5947693	T	A
III	6021262	A	G
III	6023792	C	G
III	6141130	T	A
III	6172411	T	G
III	6209101	T	G
III	6221624	G	A
III	6227249	C	T
III	6233247	T	A
III	6249347	A	T
III	6291360	A	T
III	6303299	C	A
III	6305851	C	T
III	6333710	A	C
III	6343711	A	G
III	6387231	G	C
III	6397525	T	A
III	6413012	G	A
III	6419994	T	C
III	6453651	A	T
III	6485826	A	G
III	6522225	A	T
III	6528819	C	G
III	6539767	A	G
III	6551885	G	C
III	6642799	A	T
III	6714276	C	T
III	6751988	C	A
III	6753367	A	G
III	6757768	C	A
III	6762295	C	G
III	6805557	G	A
III	6857621	C	A
III	6881956	A	C
III	6882701	A	T
III	6943587	T	A
III	6946421	T	C
III	6948982	C	A
III	6958878	A	G
III	6965753	T	C
III	7022334	A	T
III	7022894	T	A
III	7031231	A	T
III	7042508	T	A
III	7059090	T	A
III	7072643	A	G
III	7161959	T	C
III	7162974	T	A
III	7225045	C	T
III	7230915	G	A
III	7236186	T	A
III	7255506	G	C
III	7257944	A	G
III	7265531	A	C
III	7280982	C	T
III	7292557	G	T
III	7310650	C	G
III	7310665	T	A
III	7310817	G	C
III	7392219	A	T
III	7395000	C	T
III	7479223	A	T
III	7483764	G	C
III	7488680	G	T
III	7525191	C	T
III	7530580	C	A
III	7539269	A	T
III	7555619	T	A
III	7576287	A	G
III	7597268	A	C
III	7608454	A	C
III	7701419	C	A
III	7741185	G	T
III	7771980	C	A
III	7799549	A	C
III	7819103	C	G
III	7821143	A	T
III	7824188	C	A
III	7829650	C	T
III	7840236	A	C
III	7859777	G	C
III	7867120	A	C
III	7875938	G	T
III	7886534	G	A
III	7892454	G	A
III	7892954	C	T
III	7911488	A	G
III	7932531	G	A
III	7945236	A	C
III	7965575	G	A
III	7965606	G	T
III	7982243	G	T
III	7992535	G	A
III	8001532	T	C
III	8008262	A	T
III	8008347	A	T
III	8034133	G	A
III	8052028	G	T
III	8078845	T	G
III	8081468	T	C
III	8085174	A	G
III	8107526	G	A
III	8135513	C	A
III	8156982	T	G
III	8157669	G	T
III	8286315	C	T
III	8312514	A	T
III	8402469	T	C
III	8456057	T	A
III	8491803	C	T
III	8507194	T	C
III	8527425	G	A
III	8528260	C	T
III	8550639	C	A
III	8553800	G	C
III	8571274	T	A
III	8571512	C	T
III	8586039	T	C
III	8587137	T	C
III	8647281	A	G
III	8693961	A	G
III	8728272	T	A
III	8736498	G	A
III	8738227	A	C
III	8739624	T	A
III	8754905	C	T
III	8760712	T	C
III	8776943	C	T
III	8780735	G	A
III	8809257	G	T
III	8817206	C	T
III	8877994	T	A
III	8892094	G	A
III	8897744	T	G
III	8897755	G	T
III	8980454	C	T
III	8987417	C	T
III	9000500	T	C
III	9012999	C	G
III	9044414	A	T
III	9046182	G	A
III	9049928	C	T
III	9064039	T	C
III	9064041	T	C
III	9064045	G	A
III	9070659	G	T
III	9080163	C	A
III	9102786	T	C
III	9111067	G	A
III	9153830	A	C
III	9194717	A	T
III	9216873	G	C
III	9286211	C	T
III	9305244	T	A
III	9344712	C	T
III	9355729	T	C
III	9374286	T	A
III	9408287	A	T
III	9442831	G	A
III	9447451	G	T
III	9447452	G	T
III	9453423	T	G
III	9459403	G	T
III	9488386	T	C
III	9490848	A	T
III	9499259	T	C
III	9520122	T	C
III	9536854	C	T
III	9544350	T	G
III	9547105	C	G
III	9581105	T	C
III	9610393	C	T
III	9621643	A	C
III	9662086	C	T
III	9670064	A	T
III	9690987	G	A
III	9733838	A	T
III	9746309	G	T
III	9769411	A	T
III	9778676	G	C
III	9803500	C	T
III	9867268	C	G
III	9885946	C	A
III	9913760	G	A
III	9937568	A	T
III	9954557	T	A
III	9967174	A	G
III	9967898	A	T
III	9997121	G	A
III	10024068	G	A
III	10029087	A	C
III	10040137	G	T
III	10062110	T	A
III	10107087	C	G
III	10109675	A	G
III	10128680	A	T
III	10168928	C	G
III	10230676	C	A
III	10262686	G	A
III	10307770	C	G
III	10310365	A	G
III	10346811	G	A
III	10357015	G	T
III	10394827	T	C
III	10412236	A	T
III	10424495	T	A
III	10430634	T	A
III	10455476	C	T
III	10478920	C	A
III	10486876	A	G
III	10487163	A	T
III	10493814	C	A
III	10511325	A	T
III	10515608	G	T
III	10528360	C	A
III	10558912	T	A
III	10561160	A	C
III	10562991	C	T
III	10575477	T	A
III	10583228	G	T
III	10588767	T	C
III	10601625	G	A
III	10609559	A	T
III	10654262	T	A
III	10690881	G	A
III	10724941	C	T
III	10726101	C	G
III	10779838	T	A
III	10790861	C	A
III	10818694	A	T
III	10833745	T	A
III	10843968	C	A
III	10889353	T	C
III	10903224	A	T
III	10913431	C	G
III	10936117	T	A
III	10949127	A	T
III	10950629	C	T
III	10953678	C	T
III	10955023	A	T
III	10964134	A	T
III	11021150	A	G
III	11033992	A	G
III	11038745	G	A
III	11052598	A	T
III	11096035	A	G
III	11115581	A	G
III	11153276	C	T
III	11167069	C	A
III	11197068	A	T
III	11225809	T	C
III	11231805	A	T
III	11250134	G	A
III	11266465	A	T
III	11275278	A	T
III	11280229	T	A
III	11282841	C	A
III	11307217	G	A
III	11328072	T	C
III	11335046	G	A
III	11344233	A	T
III	11353625	C	G
III	11354046	G	C
III	11410950	G	C
III	11481179	T	A
III	11491294	G	A
III	11492026	A	T
III	11492082	A	T
III	11493750	A	T
III	11507727	C	G
III	11530448	T	A
III	11550279	G	T
III	11564697	A	G
III	11580504	T	A
III	11701817	C	G
III	11730300	A	T
III	11750664	C	T
III	11762815	G	T
III	11779018	G	A
III	11785216	C	T
III	11799497	T	A
III	11800800	G	T
III	11850656	C	T
III	11878714	T	A
III	11893087	G	T
III	11894601	G	A
III	11895620	A	T
III	11896512	C	A
III	11896547	A	T
III	11937749	C	T
III	11943513	T	A
III	11970050	A	T
III	11977958	T	G
III	12015100	A	G
III	12027429	C	T
III	12046096	C	T
III	12087900	G	A
III	12087930	G	A
III	12096164	A	G
III	12096340	A	T
III	12098088	T	C
III	12101357	T	G
III	12106950	A	T
III	12110368	G	A
III	12114516	A	T
III	12120074	G	A
III	12120778	T	A
III	12130713	A	T
III	12192179	A	G
III	12203761	T	A
III	12215250	A	T
III	12228432	T	A
III	12255429	C	T
III	12255624	G	A
III	12309670	T	A
III	12322712	G	A
III	12345108	C	T
III	12348662	A	C
III	12350450	C	T
III	12351714	A	G
III	12367852	A	T
III	12374884	T	A
III	12383851	T	A
III	12398107	C	T
III	12406079	A	G
III	12406324	C	T
III	12419333	T	C
III	12425895	G	A
III	12445966	C	G
III	12446369	G	T
III	12461693	A	C
III	12463560	C	G
III	12463573	C	G
III	12463575	T	C
III	12471951	T	C
III	12484131	A	T
III	12519939	T	A
III	12522086	C	T
III	12564500	G	A
III	12598876	G	A
III	12601665	G	A
III	12618736	A	G
III	12632236	A	T
III	12663310	A	T
III	12684123	A	T
III	12699148	T	A
III	12716447	A	G
III	12730450	T	A
III	12734012	G	T
III	12740631	C	T
III	12770257	C	T
III	12783031	T	A
III	12815527	T	A
III	12833203	G	C
III	12864231	A	G
III	12877098	C	A
III	12906351	G	A
III	12924759	G	A
III	12929465	T	A
III	12931427	C	T
III	12931658	A	T
III	12941611	A	G
III	12943804	A	T
III	12962459	A	C
III	12973735	G	C
III	12976298	T	A
III	12976299	A	T
III	12983960	G	A
III	12995016	G	A
III	13008233	C	T
III	13027539	T	G
III	13035958	A	C
III	13045850	T	C
III	13106630	G	A
III	13109394	A	T
III	13115602	A	T
III	13134637	A	G
III	13152668	C	T
III	13158714	A	G
III	13165702	A	G
III	13168064	G	T
III	13173257	A	T
III	13182267	G	A
III	13202061	T	A
III	13203355	C	T
III	13287805	A	T
III	13303972	G	T
III	13309617	T	G
III	13312063	T	A
III	13338601	T	A
III	13346017	T	C
III	13362942	A	G
III	13381986	T	C
III	13396061	T	G
III	13422634	G	A
III	13426141	G	C
III	13437478	T	A
III	13455809	T	C
III	13476171	A	G
III	13508785	G	A
III	13508792	A	G
III	13535825	G	T
III	13562643	C	G
III	13570884	C	T
III	13618923	G	C
III	13619550	G	A
III	13623580	G	A
III	13623618	A	G
III	13624340	C	T
III	13678552	G	A
III	13679620	T	A
III	13681590	A	T
III	13719391	A	G
III	13755335	T	C
IV	75967	T	C
IV	75969	C	T
IV	75998	T	C
IV	94421	T	G
IV	100883	G	C
IV	121559	C	T
IV	155291	C	T
IV	164306	T	C
IV	188661	A	T
IV	220282	G	A
IV	237382	G	A
IV	295401	G	A
IV	308349	G	A
IV	314802	C	A
IV	320705	G	A
IV	340895	G	A
IV	341073	C	T
IV	343535	G	A
IV	359640	T	A
IV	388547	C	T
IV	409710	A	T
IV	433083	C	T
IV	454255	G	C
IV	464899	A	T
IV	468652	A	C
IV	480650	G	A
IV	505587	C	A
IV	528488	G	T
IV	562149	C	T
IV	576035	A	T
IV	601579	A	T
IV	611305	T	A
IV	615470	C	T
IV	623873	T	G
IV	646945	G	A
IV	647677	G	C
IV	717597	G	A
IV	778189	C	G
IV	782649	T	C
IV	821580	T	A
IV	841472	A	G
IV	847167	A	G
IV	920013	G	A
IV	926524	C	T
IV	934938	T	A
IV	945323	T	G
IV	945871	T	C
IV	946805	A	T
IV	961053	T	A
IV	1017747	C	T
IV	1043656	T	C
IV	1049599	C	T
IV	1050681	T	A
IV	1057597	T	C
IV	1069340	C	G
IV	1095995	A	T
IV	1096001	A	T
IV	1100254	C	T
IV	1100934	T	A
IV	1105792	T	A
IV	1135089	T	A
IV	1142586	T	A
IV	1164566	A	T
IV	1184383	T	G
IV	1213020	A	T
IV	1255047	C	G
IV	1267322	A	T
IV	1310354	T	A
IV	1317027	A	G
IV	1371672	G	A
IV	1399794	T	G
IV	1411807	A	C
IV	1416830	T	A
IV	1445842	A	C
IV	1446342	A	T
IV	1450372	A	G
IV	1469239	C	A
IV	1475115	A	G
IV	1520512	A	G
IV	1520513	C	A
IV	1522930	G	A
IV	1524102	T	A
IV	1552384	C	T
IV	1557248	G	T
IV	1584644	G	A
IV	1590700	T	G
IV	1590811	A	T
IV	1599741	T	G
IV	1636219	G	T
IV	1639721	C	G
IV	1646902	C	T
IV	1647939	A	C
IV	1650607	T	C
IV	1661179	T	A
IV	1677797	A	T
IV	1701920	A	T
IV	1706747	A	C
IV	1715545	T	A
IV	1736512	A	T
IV	1748336	A	G
IV	1749098	C	G
IV	1775884	C	G
IV	1799679	C	A
IV	1799680	C	T
IV	1812397	T	G
IV	1820313	C	T
IV	1821375	C	T
IV	1822266	C	G
IV	1843995	A	T
IV	1847045	T	A
IV	1870404	C	T
IV	1880710	A	T
IV	1919114	T	C
IV	1923157	C	T
IV	1937511	T	A
IV	1937940	T	A
IV	1941229	G	T
IV	1941230	C	A
IV	1975315	A	T
IV	2002794	A	T
IV	2011279	A	T
IV	2032465	A	T
IV	2033406	T	A
IV	2035828	G	T
IV	2036722	T	A
IV	2038399	C	A
IV	2040213	A	T
IV	2047699	T	A
IV	2076460	T	A
IV	2090670	A	T
IV	2096884	G	A
IV	2104952	C	A
IV	2149355	G	T
IV	2149356	A	T
IV	2149357	A	C
IV	2180141	A	T
IV	2182906	T	A
IV	2189392	A	C
IV	2209706	A	T
IV	2223432	G	A
IV	2227842	C	A
IV	2239645	A	T
IV	2246693	G	T
IV	2265990	C	T
IV	2266051	A	T
IV	2269716	A	T
IV	2270783	T	A
IV	2297512	A	T
IV	2340969	G	T
IV	2357156	T	A
IV	2443079	C	T
IV	2443937	A	G
IV	2445857	A	T
IV	2462799	T	G
IV	2504052	A	T
IV	2526909	T	A
IV	2541956	C	T
IV	2549854	A	T
IV	2555137	T	C
IV	2571864	C	G
IV	2584268	T	C
IV	2650767	G	T
IV	2670335	T	A
IV	2672336	C	T
IV	2672882	G	C
IV	2676688	A	G
IV	2678052	T	A
IV	2694504	C	T
IV	2718521	T	G
IV	2731983	A	G
IV	2771719	C	T
IV	2785722	T	A
IV	2785723	A	T
IV	2787321	T	A
IV	2790147	T	C
IV	2792266	C	A
IV	2802600	C	A
IV	2853816	G	T
IV	2861557	A	G
IV	2862118	T	A
IV	2869915	T	A
IV	2889156	A	T
IV	2908817	C	T
IV	2934829	A	C
IV	2937465	G	T
IV	2940067	T	A
IV	2963470	T	A
IV	2964860	A	C
IV	3006834	A	T
IV	3021154	A	C
IV	3032656	A	T
IV	3051716	T	G
IV	3060892	C	T
IV	3064527	A	T
IV	3067368	T	A
IV	3099527	A	G
IV	3104562	T	C
IV	3113994	A	T
IV	3116092	G	A
IV	3151308	C	T
IV	3199497	A	T
IV	3218428	C	T
IV	3218430	C	T
IV	3234615	G	C
IV	3236203	G	A
IV	3251752	G	A
IV	3257868	T	A
IV	3276331	C	T
IV	3279463	A	T
IV	3286605	C	A
IV	3298584	A	C
IV	3300156	A	G
IV	3311058	C	T
IV	3335827	A	T
IV	3349976	G	A
IV	3391895	C	T
IV	3405501	T	G
IV	3416934	G	A
IV	3421698	A	T
IV	3503912	T	A
IV	3512601	A	C
IV	3533545	A	T
IV	3534462	A	G
IV	3535509	C	A
IV	3535879	A	T
IV	3545621	G	T
IV	3548870	G	C
IV	3576855	C	T
IV	3587457	C	T
IV	3599424	T	A
IV	3604618	G	C
IV	3624379	T	A
IV	3635965	G	A
IV	3709000	G	A
IV	3711217	C	T
IV	3720499	G	A
IV	3742529	C	T
IV	3750003	C	A
IV	3769725	A	T
IV	3772592	G	C
IV	3774863	A	G
IV	3786456	A	C
IV	3786663	C	A
IV	3801709	A	T
IV	3833191	A	C
IV	3844268	C	T
IV	3889478	C	T
IV	3900562	G	A
IV	3922515	G	T
IV	3938012	C	G
IV	3946832	G	A
IV	3948219	C	A
IV	3948799	G	A
IV	3952465	C	T
IV	3958968	G	A
IV	3991890	T	G
IV	3999948	G	A
IV	4001808	C	T
IV	4015789	G	A
IV	4021326	C	T
IV	4033852	A	T
IV	4077579	G	A
IV	4125360	C	G
IV	4133755	T	C
IV	4140783	A	G
IV	4152147	G	T
IV	4170762	T	A
IV	4225948	T	A
IV	4243375	A	C
IV	4283571	G	C
IV	4291621	C	A
IV	4372100	G	A
IV	4385549	A	T
IV	4411536	C	T
IV	4431485	C	T
IV	4437416	A	G
IV	4457668	G	A
IV	4461522	G	T
IV	4468111	C	G
IV	4485824	C	A
IV	4505337	G	A
IV	4528926	G	C
IV	4548534	A	T
IV	4563715	G	C
IV	4587753	T	A
IV	4610523	G	T
IV	4681559	C	T
IV	4683554	A	T
IV	4766478	C	T
IV	4800501	C	G
IV	4860625	A	T
IV	4871645	T	A
IV	4880309	G	A
IV	4887606	A	T
IV	4900642	G	C
IV	4904822	C	T
IV	4913450	C	T
IV	4914740	A	T
IV	4960506	A	G
IV	4964338	G	A
IV	4964871	C	T
IV	4974634	C	A
IV	5020350	A	T
IV	5036085	C	A
IV	5036653	G	A
IV	5095171	A	T
IV	5118870	A	T
IV	5118872	C	T
IV	5118875	C	A
IV	5120153	C	T
IV	5135601	A	C
IV	5142893	A	C
IV	5172874	A	T
IV	5201848	T	A
IV	5279498	C	T
IV	5286602	G	T
IV	5380034	T	A
IV	5380298	C	T
IV	5388002	A	T
IV	5394263	A	G
IV	5404150	G	C
IV	5417767	C	T
IV	5419668	C	T
IV	5422176	T	C
IV	5422384	C	T
IV	5440187	T	G
IV	5457237	A	T
IV	5463628	A	T
IV	5469804	A	T
IV	5496012	T	G
IV	5559739	T	A
IV	5581684	A	T
IV	5582957	C	T
IV	5593021	A	G
IV	5598765	G	A
IV	5626625	A	T
IV	5700152	G	A
IV	5704786	G	A
IV	5726645	A	T
IV	5735374	G	A
IV	5750129	C	T
IV	5764375	G	A
IV	5819007	C	A
IV	5837158	T	A
IV	5857592	C	A
IV	5865691	T	A
IV	5894426	G	A
IV	5907652	A	C
IV	5926632	A	T
IV	5949298	C	A
IV	5964224	C	T
IV	6032823	C	T
IV	6109897	A	T
IV	6136411	C	A
IV	6150114	A	C
IV	6216044	A	G
IV	6240758	C	T
IV	6240981	G	T
IV	6240983	G	A
IV	6240985	C	G
IV	6241004	T	C
IV	6256238	T	C
IV	6325432	C	T
IV	6353569	A	G
IV	6361398	A	T
IV	6387202	A	T
IV	6409663	G	C
IV	6479181	C	G
IV	6490796	G	C
IV	6495229	C	T
IV	6502666	T	G
IV	6509125	T	A
IV	6519218	A	T
IV	6567436	A	T
IV	6571898	T	A
IV	6576959	G	T
IV	6653257	T	A
IV	6659188	A	T
IV	6666768	T	A
IV	6739023	A	G
IV	6800348	C	T
IV	6843750	G	A
IV	6852085	G	T
IV	6853379	T	C
IV	6901226	G	A
IV	6954185	T	A
IV	7052235	C	T
IV	7082772	T	C
IV	7084903	A	G
IV	7097525	C	T
IV	7139592	G	A
IV	7172330	G	A
IV	7177143	A	G
IV	7218952	T	C
IV	7221328	A	T
IV	7234810	C	A
IV	7327682	G	A
IV	7343212	C	T
IV	7353339	T	C
IV	7383933	C	G
IV	7387377	A	C
IV	7405399	G	T
IV	7405551	C	G
IV	7421864	G	A
IV	7470844	G	A
IV	7486357	C	T
IV	7493711	C	G
IV	7499254	G	A
IV	7510863	T	A
IV	7513169	T	A
IV	7554212	T	G
IV	7557164	G	A
IV	7574990	A	G
IV	7583545	T	C
IV	7585740	G	A
IV	7628019	T	C
IV	7666932	G	A
IV	7666933	A	G
IV	7675734	A	T
IV	7708984	T	A
IV	7743233	G	T
IV	7756790	C	A
IV	7767732	A	T
IV	7777194	A	C
IV	7808077	C	G
IV	7844670	A	T
IV	7847431	C	T
IV	7869523	T	C
IV	7877663	A	G
IV	7930674	C	T
IV	7945091	G	A
IV	7959746	G	A
IV	7971149	C	G
IV	7984991	A	G
IV	7998412	T	G
IV	7998413	C	G
IV	8020308	A	G
IV	8048528	T	C
IV	8054201	G	A
IV	8054203	G	A
IV	8054785	C	T
IV	8058815	A	T
IV	8060958	C	A
IV	8063950	C	T
IV	8074903	T	C
IV	8089575	G	C
IV	8115568	G	C
IV	8115712	C	G
IV	8155430	G	A
IV	8158061	T	A
IV	8162038	C	A
IV	8162044	A	T
IV	8162047	G	A
IV	8170939	T	A
IV	8181088	T	C
IV	8188636	G	T
IV	8220057	T	A
IV	8220058	A	G
IV	8226154	G	A
IV	8226155	A	G
IV	8234421	C	G
IV	8252043	C	A
IV	8254140	G	C
IV	8265872	A	T
IV	8276623	T	G
IV	8279515	C	T
IV	8344096	A	C
IV	8355846	C	T
IV	8403832	A	T
IV	8493200	G	C
IV	8495052	C	A
IV	8553897	T	G
IV	8570886	A	T
IV	8595057	G	A
IV	8657539	C	T
IV	8673141	G	T
IV	8702393	G	A
IV	8754005	G	A
IV	8760333	C	T
IV	8785847	C	A
IV	8786078	T	G
IV	8788623	G	T
IV	8844844	A	G
IV	8855031	A	T
IV	8913481	G	C
IV	8982478	A	C
IV	9045802	G	A
IV	9086048	G	T
IV	9136207	G	A
IV	9158490	G	A
IV	9160431	T	A
IV	9167101	T	C
IV	9169515	T	A
IV	9171053	T	G
IV	9185914	T	G
IV	9200364	C	A
IV	9233373	C	T
IV	9240424	A	T
IV	9291054	C	A
IV	9292139	T	G
IV	9303351	A	T
IV	9402932	C	T
IV	9435285	G	A
IV	9470417	T	A
IV	9479781	C	T
IV	9492140	T	A
IV	9504178	C	T
IV	9518350	G	T
IV	9523574	T	A
IV	9602484	A	T
IV	9616232	C	T
IV	9631776	C	T
IV	9633529	A	T
IV	9663631	A	G
IV	9700291	C	T
IV	9706045	A	G
IV	9706094	T	A
IV	9735274	C	T
IV	9738951	G	A
IV	9749373	A	C
IV	9752188	T	A
IV	9756720	G	A
IV	9781832	T	C
IV	9789470	C	T
IV	9806513	A	G
IV	9832416	A	C
IV	9833734	C	A
IV	9834035	A	C
IV	9847285	G	T
IV	9847286	T	A
IV	9847406	G	C
IV	9855829	G	A
IV	9887208	G	A
IV	9929359	C	T
IV	9959731	C	T
IV	9974866	T	A
IV	9997440	T	A
IV	9997441	C	A
IV	10008164	G	T
IV	10027400	T	A
IV	10051989	T	C
IV	10064749	G	A
IV	10070761	G	A
IV	10080172	G	A
IV	10080173	C	T
IV	10080186	G	A
IV	10080189	C	A
IV	10091266	G	A
IV	10097673	A	T
IV	10130533	T	G
IV	10179747	A	C
IV	10206651	G	A
IV	10209125	C	T
IV	10224813	G	C
IV	10226251	G	C
IV	10234725	T	C
IV	10284588	G	A
IV	10294608	C	A
IV	10299785	C	T
IV	10307342	T	A
IV	10307344	T	G
IV	10307348	C	A
IV	10307354	A	G
IV	10307357	A	G
IV	10307366	G	T
IV	10307371	T	A
IV	10307375	A	T
IV	10307378	G	C
IV	10307382	G	A
IV	10307384	A	T
IV	10346720	G	A
IV	10367383	C	T
IV	10416296	A	C
IV	10434850	G	C
IV	10455859	A	G
IV	10456798	C	A
IV	10464101	C	T
IV	10467981	A	G
IV	10510031	C	G
IV	10514529	C	A
IV	10580486	G	A
IV	10584406	C	A
IV	10617892	A	T
IV	10621955	G	A
IV	10622157	C	T
IV	10627033	C	T
IV	10645842	C	A
IV	10663682	G	T
IV	10700729	G	C
IV	10706859	T	G
IV	10737431	C	G
IV	10745852	T	A
IV	10798779	C	T
IV	10806588	T	C
IV	10820806	C	T
IV	10856567	A	G
IV	10870411	T	A
IV	10870945	C	G
IV	10904925	A	T
IV	10914838	C	A
IV	10942934	T	A
IV	10962858	A	T
IV	10963900	C	A
IV	10979089	T	A
IV	11012140	G	T
IV	11014025	A	T
IV	11018403	T	A
IV	11054218	T	A
IV	11099970	G	A
IV	11116136	T	A
IV	11146454	T	C
IV	11146467	T	G
IV	11213813	A	G
IV	11232459	T	G
IV	11248573	A	G
IV	11258374	C	A
IV	11309034	T	A
IV	11311381	T	A
IV	11322648	A	T
IV	11343737	C	T
IV	11346228	G	T
IV	11350575	T	C
IV	11363915	C	T
IV	11375628	C	T
IV	11389952	T	G
IV	11389957	T	G
IV	11414381	T	G
IV	11424428	G	T
IV	11451187	T	C
IV	11467205	A	G
IV	11474753	A	T
IV	11474755	A	T
IV	11484849	C	G
IV	11490374	T	G
IV	11502686	T	A
IV	11513302	A	C
IV	11525218	T	A
IV	11525602	T	C
IV	11529053	A	T
IV	11531397	A	T
IV	11545198	C	A
IV	11555514	A	G
IV	11598142	T	A
IV	11598143	A	T
IV	11626489	G	T
IV	11658153	T	C
IV	11660111	G	T
IV	11665144	G	A
IV	11669039	A	T
IV	11685787	G	A
IV	11731512	A	C
IV	11743920	T	A
IV	11744674	A	T
IV	11760432	C	A
IV	11777366	G	A
IV	11783734	T	C
IV	11797297	C	A
IV	11809406	A	T
IV	11817601	G	A
IV	11820421	G	C
IV	11827229	G	A
IV	11847128	C	G
IV	11883064	G	A
IV	11892261	T	G
IV	11900340	C	G
IV	11915377	C	G
IV	11924660	T	A
IV	11979686	C	T
IV	11989792	A	G
IV	12021322	A	T
IV	12087392	C	T
IV	12094017	A	C
IV	12105669	G	T
IV	12109101	C	G
IV	12115573	A	G
IV	12128835	A	C
IV	12131672	G	A
IV	12172984	G	A
IV	12206485	A	C
IV	12218958	C	A
IV	12264147	T	A
IV	12274715	A	T
IV	12306944	T	C
IV	12320344	C	A
IV	12352212	T	C
IV	12375710	A	C
IV	12413279	G	C
IV	12447255	A	C
IV	12449127	A	G
IV	12449824	C	G
IV	12454198	G	T
IV	12457558	A	G
IV	12498616	G	A
IV	12591387	G	C
IV	12628686	A	T
IV	12630678	A	T
IV	12635384	C	T
IV	12649196	C	A
IV	12663409	T	C
IV	12664055	A	G
IV	12669508	C	A
IV	12674202	T	A
IV	12684565	A	T
IV	12705187	T	C
IV	12709727	G	A
IV	12720904	T	A
IV	12745977	A	T
IV	12746406	T	G
IV	12747281	C	A
IV	12784612	G	A
IV	12791740	T	G
IV	12798113	G	C
IV	12838128	C	A
IV	12840887	T	G
IV	12853249	T	A
IV	12856291	A	T
IV	12900183	T	A
IV	12914678	A	G
IV	12914687	C	T
IV	12945103	C	A
IV	12970611	A	T
IV	12991665	T	A
IV	13035310	C	A
IV	13059179	G	A
IV	13093089	T	A
IV	13101299	C	T
IV	13108042	G	A
IV	13113015	C	T
IV	13150654	A	G
IV	13156435	A	G
IV	13159850	G	A
IV	13162623	G	T
IV	13162633	A	T
IV	13172067	A	T
IV	13219583	T	C
IV	13235197	T	A
IV	13242595	T	A
IV	13256589	C	A
IV	13260840	C	T
IV	13265432	G	T
IV	13277969	C	A
IV	13278291	C	G
IV	13279380	A	T
IV	13285773	A	T
IV	13304453	G	A
IV	13327170	G	C
IV	13329265	C	A
IV	13348344	A	T
IV	13348345	A	T
IV	13348350	C	T
IV	13373895	T	A
IV	13374348	T	A
IV	13375485	C	T
IV	13377673	C	T
IV	13377998	A	T
IV	13389700	A	T
IV	13396478	C	T
IV	13418838	A	C
IV	13422663	T	A
IV	13425699	A	T
IV	13439253	T	C
IV	13441202	A	G
IV	13560968	C	G
IV	13569255	A	T
IV	13574500	A	T
IV	13606061	T	A
IV	13622669	G	T
IV	13650787	G	T
IV	13708365	A	C
IV	13727177	G	T
IV	13754162	G	T
IV	13760030	G	C
IV	13762376	A	T
IV	13768115	G	A
IV	13772558	G	A
IV	13804207	C	A
IV	13819555	C	G
IV	13836931	T	C
IV	13885184	C	T
IV	13920118	A	T
IV	13972837	A	G
IV	14000513	T	A
IV	14009321	G	T
IV	14013810	G	A
IV	14041360	C	T
IV	14049969	T	A
IV	14056023	C	T
IV	14069220	C	A
IV	14116786	A	T
IV	14127636	A	G
IV	14167033	A	T
IV	14167686	A	T
IV	14193763	T	C
IV	14200639	T	G
IV	14200640	A	T
IV	14217301	G	A
IV	14222628	G	C
IV	14238839	T	A
IV	14312010	A	T
IV	14316722	T	A
IV	14321215	G	T
IV	14342642	G	T
IV	14355538	C	T
IV	14381192	C	T
IV	14410918	T	C
IV	14424200	G	T
IV	14437496	A	G
IV	14539305	A	T
IV	14543802	T	G
IV	14574622	G	A
IV	14584201	T	C
IV	14594858	A	C
IV	14601825	C	T
IV	14643852	G	A
IV	14645998	T	A
IV	14646635	T	A
IV	14667589	A	G
IV	14669041	C	T
IV	14678043	T	C
IV	14682081	T	A
IV	14717977	C	A
IV	14727044	G	A
IV	14731046	A	T
IV	14749815	T	A
IV	14770913	A	T
IV	14803862	A	G
IV	14820108	G	A
IV	14827613	C	G
IV	14863836	A	T
IV	14872494	C	T
IV	14899355	A	T
IV	14985138	A	G
IV	14988819	T	C
IV	15025555	A	T
IV	15039730	C	T
IV	15085868	T	C
IV	15109295	A	C
IV	15118031	A	T
IV	15155080	A	T
IV	15192815	C	T
IV	15218869	T	G
IV	15239939	A	T
IV	15270818	G	T
IV	15281605	T	G
IV	15310068	G	C
IV	15354868	T	A
IV	15355023	T	A
IV	15359942	T	C
IV	15361487	C	T
IV	15362156	A	G
IV	15362700	T	A
IV	15386738	A	T
IV	15392689	T	C
IV	15393701	G	A
IV	15413959	T	C
IV	15415641	G	A
IV	15415644	A	C
IV	15415649	G	A
IV	15415660	G	A
IV	15415673	A	T
IV	15441668	T	A
IV	15448285	T	G
IV	15459196	T	A
IV	15463936	T	C
IV	15467929	T	G
IV	15480530	A	T
IV	15524702	T	C
IV	15593248	T	A
IV	15623758	A	T
IV	15662057	C	A
IV	15669596	G	T
IV	15686687	T	A
IV	15704800	A	T
IV	15706778	T	C
IV	15715221	C	A
IV	15718991	A	T
IV	15723080	A	T
IV	15726295	A	C
IV	15765571	G	A
IV	15793346	T	A
IV	15827552	C	T
IV	15838032	T	C
IV	15842178	C	A
IV	15846719	G	A
IV	15886738	A	G
IV	15893286	T	A
IV	15899071	A	T
IV	15904956	C	T
IV	15907213	T	A
IV	15919172	C	T
IV	15984589	A	T
IV	15990148	A	T
IV	15990350	G	A
IV	16002053	G	T
IV	16021335	A	G
IV	16032311	G	A
IV	16058379	T	C
IV	16071232	A	T
IV	16087230	T	G
IV	16087952	C	T
IV	16088415	T	A
IV	16112007	T	C
IV	16127143	G	A
IV	16173789	A	T
IV	16179808	G	C
IV	16180235	A	T
IV	16180236	C	T
IV	16189222	G	A
IV	16216395	T	C
IV	16222606	A	T
IV	16234984	G	A
IV	16237472	C	A
IV	16280365	T	C
IV	16280667	C	T
IV	16286379	T	A
IV	16302794	A	G
IV	16306587	G	A
IV	16323451	G	A
IV	16337914	C	G
IV	16342069	A	T
IV	16372217	T	A
IV	16406413	C	T
IV	16451577	C	T
IV	16472733	T	C
IV	16491676	G	T
IV	16525063	A	T
IV	16532317	T	G
IV	16551317	A	T
IV	16570404	C	A
IV	16578260	A	T
IV	16581870	G	C
IV	16587509	A	C
IV	16596115	T	A
IV	16636604	A	T
IV	16686944	A	T
IV	16687688	C	T
IV	16701981	A	T
IV	16713378	T	A
IV	16836379	C	T
IV	16849879	T	C
IV	16852596	A	C
IV	16866111	T	C
IV	16907009	A	T
IV	16948475	G	A
IV	16979758	T	A
IV	17005082	G	A
IV	17029708	T	C
IV	17036708	A	T
IV	17075312	A	G
IV	17078625	T	A
IV	17081227	A	T
IV	17089711	T	A
IV	17101743	C	A
IV	17124803	A	C
IV	17135363	C	T
IV	17153646	C	T
IV	17175620	T	A
IV	17175745	G	C
IV	17199378	C	T
IV	17302511	G	A
IV	17326480	T	A
IV	17336230	T	A
IV	17372262	A	G
IV	17393995	G	A
IV	17400500	G	T
IV	17407368	C	A
IV	17414044	A	T
IV	17422908	A	G
IV	17426001	G	A
IV	17426002	A	C
IV	17491819	T	G
IV	17491821	T	G
V	6387	G	A
V	8942	A	T
V	10310	C	T
V	55284	A	C
V	75627	A	T
V	76007	A	T
V	83442	G	A
V	116935	A	T
V	131845	T	A
V	142713	G	A
V	150999	T	A
V	195638	A	T
V	198010	T	G
V	229692	T	C
V	234744	G	T
V	234745	G	T
V	257700	C	T
V	257923	T	C
V	278171	T	C
V	300403	T	A
V	322852	T	A
V	347644	T	A
V	378940	T	A
V	417118	T	A
V	437824	G	C
V	439574	C	T
V	474679	C	A
V	474710	A	T
V	475790	A	T
V	498396	T	C
V	509287	T	A
V	522770	T	C
V	564247	T	C
V	567286	G	T
V	582929	C	T
V	650823	C	G
V	660768	C	G
V	669214	T	G
V	691953	A	C
V	709433	A	T
V	714404	A	T
V	779406	T	A
V	783603	C	G
V	821064	T	A
V	826380	A	T
V	844575	G	A
V	852134	T	A
V	856585	A	C
V	888524	A	T
V	917051	A	C
V	934607	T	G
V	943718	A	T
V	947597	A	T
V	949429	A	T
V	984065	A	T
V	989651	G	T
V	1006746	C	G
V	1021640	A	C
V	1030406	A	T
V	1052124	A	G
V	1113386	T	A
V	1119916	A	G
V	1170008	C	A
V	1177778	A	T
V	1209669	A	T
V	1219974	C	A
V	1222560	C	T
V	1223882	G	T
V	1228907	T	C
V	1233652	A	G
V	1236366	A	T
V	1260426	G	A
V	1266695	C	A
V	1266848	C	G
V	1268337	G	C
V	1275788	G	T
V	1310037	T	A
V	1317945	T	G
V	1320660	C	G
V	1331872	C	A
V	1341440	A	C
V	1400819	A	G
V	1401655	C	A
V	1418734	G	A
V	1435849	C	T
V	1441979	A	T
V	1449135	T	A
V	1474803	C	G
V	1525556	G	A
V	1536193	C	G
V	1565020	A	T
V	1593795	G	C
V	1596730	T	C
V	1601608	A	C
V	1611319	T	A
V	1650473	A	G
V	1650791	C	T
V	1666445	T	C
V	1669994	G	T
V	1710781	C	T
V	1726700	G	C
V	1728539	G	T
V	1728546	G	A
V	1763630	C	T
V	1775113	A	T
V	1792090	G	A
V	1796325	T	C
V	1805519	A	C
V	1811300	G	A
V	1849061	C	T
V	1857068	C	T
V	1874042	G	A
V	1877408	T	A
V	1877439	T	A
V	1895793	C	T
V	1896767	T	A
V	1921167	G	A
V	1925419	A	C
V	1938212	T	A
V	1947281	A	T
V	1981439	G	A
V	1990045	T	C
V	2032162	G	A
V	2046381	A	T
V	2054438	G	A
V	2086617	G	A
V	2097334	A	T
V	2101437	G	A
V	2109116	C	T
V	2118102	G	A
V	2126078	A	T
V	2132828	A	G
V	2158841	T	A
V	2176657	T	G
V	2193021	A	T
V	2205233	C	A
V	2221807	T	A
V	2222574	T	A
V	2264632	C	G
V	2278587	C	A
V	2307379	T	G
V	2313030	T	C
V	2313031	T	C
V	2313037	G	T
V	2313041	C	T
V	2574739	A	T
V	2615447	T	G
V	2615605	A	T
V	2676018	C	A
V	2690018	A	T
V	2708127	G	T
V	2733545	G	A
V	2737377	C	T
V	2758454	T	A
V	2760763	A	T
V	2762378	A	T
V	2769898	T	A
V	2772753	C	T
V	2781109	G	A
V	2807347	C	G
V	2813393	G	A
V	2836058	A	T
V	2888791	T	G
V	2923865	T	C
V	2924018	G	A
V	2924510	G	A
V	2932796	T	A
V	2936434	A	C
V	2959151	T	C
V	2971003	G	C
V	3014128	T	G
V	3130009	G	A
V	3138418	C	G
V	3163060	T	G
V	3181942	A	T
V	3184385	G	T
V	3184388	T	A
V	3197664	G	A
V	3211332	A	G
V	3249674	C	T
V	3254618	A	C
V	3277325	G	C
V	3298062	C	A
V	3314605	A	T
V	3343401	C	A
V	3350973	G	A
V	3378011	C	T
V	3398241	T	A
V	3411023	T	A
V	3415035	C	T
V	3479037	A	T
V	3480368	C	T
V	3497744	T	C
V	3536888	G	A
V	3552591	C	T
V	3587788	A	T
V	3607781	G	T
V	3607782	G	A
V	3612031	G	A
V	3622197	G	A
V	3626192	A	G
V	3633258	A	T
V	3672219	A	T
V	3680695	A	T
V	3688398	T	C
V	3711236	G	T
V	3741397	G	A
V	3764332	G	C
V	3771990	C	G
V	3776384	G	T
V	3788632	G	T
V	3803309	C	A
V	3805006	C	G
V	3852825	A	G
V	3871836	T	C
V	3874966	T	A
V	3934450	A	C
V	3948040	A	G
V	3956852	A	G
V	3961169	C	T
V	4000867	T	G
V	4020038	T	A
V	4032869	G	A
V	4040782	T	G
V	4061923	T	G
V	4086588	C	T
V	4090225	C	T
V	4100315	A	T
V	4103745	A	C
V	4105823	T	C
V	4134890	T	A
V	4139171	G	T
V	4160908	A	C
V	4168357	T	A
V	4184198	A	T
V	4187439	G	T
V	4202203	G	C
V	4205313	T	G
V	4214700	C	T
V	4226096	T	A
V	4227261	T	A
V	4254298	G	A
V	4259558	T	A
V	4306560	C	A
V	4313802	A	T
V	4351326	A	C
V	4357036	C	T
V	4369149	C	G
V	4377484	G	C
V	4378986	C	T
V	4395723	T	A
V	4397456	T	C
V	4410742	C	T
V	4412565	A	T
V	4430029	C	T
V	4458475	T	A
V	4468020	A	T
V	4471444	G	T
V	4486796	A	T
V	4486978	C	A
V	4494211	T	A
V	4509351	T	C
V	4518109	G	A
V	4518476	C	T
V	4540105	G	T
V	4571396	T	A
V	4601186	G	C
V	4608934	G	A
V	4685841	C	T
V	4685852	T	G
V	4685856	G	A
V	4721586	G	A
V	4721705	T	C
V	4760455	T	A
V	4776409	C	T
V	4802480	A	T
V	4833720	G	A
V	4843087	C	T
V	4849395	A	C
V	4853981	T	C
V	4865700	A	T
V	4865701	T	A
V	4868946	G	A
V	4872227	C	T
V	4879207	T	C
V	4883056	A	T
V	4935367	C	A
V	4990752	A	T
V	4993138	C	T
V	5051157	C	T
V	5062865	T	G
V	5069805	A	T
V	5113569	T	G
V	5118224	T	C
V	5200570	G	A
V	5213065	A	C
V	5217211	G	T
V	5273609	T	C
V	5283024	T	A
V	5293576	T	A
V	5295826	A	T
V	5358205	A	G
V	5373362	G	A
V	5384504	A	G
V	5464737	T	G
V	5488764	G	C
V	5506597	A	T
V	5511185	A	T
V	5511685	G	A
V	5534185	G	A
V	5551039	G	A
V	5593885	T	A
V	5647814	G	A
V	5674625	A	G
V	5684280	G	A
V	5712532	G	A
V	5716466	C	G
V	5723946	G	T
V	5737080	G	T
V	5763611	G	A
V	5763614	G	A
V	5763629	T	A
V	5773934	C	T
V	5803149	C	G
V	5838162	C	A
V	5871986	C	A
V	5882255	A	T
V	5903486	T	A
V	5924380	A	T
V	5924388	T	A
V	5930173	T	A
V	5966564	G	C
V	6026848	T	A
V	6031626	A	C
V	6038200	A	T
V	6146260	T	C
V	6158834	C	A
V	6230322	A	G
V	6242071	T	A
V	6242239	T	G
V	6270825	T	C
V	6286845	T	A
V	6290951	G	A
V	6294124	T	C
V	6301782	C	A
V	6325834	T	A
V	6340864	G	A
V	6342032	T	A
V	6342036	T	C
V	6356034	T	A
V	6433250	G	A
V	6441340	G	T
V	6462415	C	A
V	6486694	C	G
V	6520940	C	A
V	6520941	C	A
V	6527636	A	G
V	6535312	T	C
V	6596903	T	A
V	6616028	G	T
V	6616029	G	A
V	6618307	T	A
V	6624529	T	A
V	6654942	G	A
V	6659819	C	T
V	6690777	A	T
V	6720873	T	A
V	6725448	C	A
V	6736805	G	A
V	6738255	T	A
V	6753899	G	A
V	6754211	G	A
V	6784926	G	C
V	6846716	G	A
V	6859253	C	A
V	6859901	T	G
V	6872193	C	A
V	6901943	A	C
V	6955745	C	T
V	6979757	A	T
V	7007247	C	T
V	7018378	G	A
V	7024042	A	T
V	7025785	T	A
V	7059327	T	A
V	7069959	C	T
V	7073086	A	C
V	7075869	C	T
V	7079272	G	A
V	7082534	A	T
V	7103806	G	T
V	7111775	C	T
V	7134055	A	G
V	7151069	T	A
V	7166661	A	C
V	7179804	G	A
V	7184184	T	A
V	7252091	A	G
V	7256335	A	T
V	7281676	C	T
V	7282674	A	T
V	7313856	A	T
V	7325157	G	T
V	7423067	C	T
V	7448275	A	G
V	7478342	C	G
V	7522992	G	C
V	7531342	A	C
V	7532291	T	C
V	7533934	A	G
V	7562355	T	G
V	7618087	C	T
V	7627663	T	C
V	7670646	C	G
V	7696059	A	C
V	7706484	T	A
V	7727873	T	C
V	7753519	T	A
V	7758572	T	G
V	7770961	C	T
V	7803372	T	G
V	7906810	A	G
V	7907449	C	T
V	7928872	T	C
V	7933859	T	C
V	7943276	C	G
V	8009313	A	T
V	8026325	T	A
V	8026326	T	G
V	8066798	A	T
V	8073951	T	A
V	8075274	G	A
V	8082554	A	G
V	8109266	A	T
V	8113523	C	A
V	8144238	A	G
V	8177889	A	C
V	8274918	C	T
V	8274993	C	T
V	8278633	T	C
V	8283396	C	A
V	8286498	G	A
V	8319883	G	C
V	8327868	T	C
V	8331907	C	T
V	8336568	T	C
V	8351938	A	T
V	8359809	C	T
V	8408760	A	C
V	8465809	T	C
V	8508014	C	G
V	8521955	A	T
V	8537929	T	G
V	8563524	G	A
V	8591733	G	A
V	8627474	G	A
V	8628759	A	T
V	8630038	G	A
V	8632755	T	C
V	8650536	G	A
V	8650548	A	C
V	8652224	C	G
V	8711300	A	T
V	8711880	G	C
V	8715592	C	T
V	8716735	A	T
V	8733356	G	C
V	8738174	T	A
V	8743946	G	C
V	8764815	G	C
V	8770133	A	G
V	8796012	T	G
V	8946030	C	T
V	8969687	T	A
V	8979880	C	G
V	8993575	G	A
V	8993580	G	T
V	8997955	G	A
V	9014591	G	C
V	9019649	C	T
V	9020076	G	A
V	9138691	T	A
V	9161444	A	T
V	9165837	T	G
V	9180764	T	C
V	9207670	A	C
V	9215277	T	A
V	9231489	G	C
V	9233266	A	C
V	9236303	A	C
V	9274868	G	C
V	9289424	C	A
V	9291852	C	T
V	9299404	A	T
V	9313555	G	C
V	9323169	A	T
V	9375514	A	T
V	9379332	A	C
V	9385698	G	C
V	9428501	G	C
V	9470105	T	A
V	9480287	G	A
V	9484377	G	T
V	9484378	A	G
V	9502197	T	A
V	9514842	G	A
V	9536165	G	A
V	9540985	G	A
V	9557292	G	C
V	9587470	A	C
V	9587471	T	C
V	9587472	A	T
V	9587478	C	A
V	9624253	G	T
V	9654053	T	C
V	9655882	A	G
V	9668517	A	T
V	9713295	A	T
V	9721696	C	A
V	9721716	C	A
V	9723382	G	T
V	9729931	G	C
V	9736091	G	T
V	9764430	C	T
V	9793439	G	A
V	9855896	G	T
V	9865756	G	T
V	9872982	C	T
V	9899227	G	C
V	9902506	T	A
V	9906312	G	A
V	9934809	T	A
V	9976800	C	A
V	9984503	G	A
V	10016358	A	G
V	10038592	C	A
V	10045235	T	A
V	10074888	G	T
V	10076163	G	C
V	10136282	T	A
V	10151256	G	T
V	10151257	C	G
V	10157807	T	A
V	10158967	A	T
V	10174098	A	C
V	10225743	C	G
V	10232126	C	A
V	10253907	G	T
V	10261320	T	A
V	10269871	G	C
V	10276441	C	T
V	10281473	A	G
V	10283092	T	A
V	10293687	C	G
V	10304132	C	G
V	10328543	G	A
V	10328941	G	A
V	10329713	G	T
V	10344241	G	T
V	10379408	A	G
V	10418158	C	A
V	10432618	T	C
V	10440290	G	A
V	10440629	A	C
V	10448019	C	T
V	10496858	G	A
V	10573414	G	T
V	10585856	G	A
V	10585881	C	A
V	10622885	T	C
V	10669913	A	C
V	10678685	G	A
V	10684265	C	A
V	10721911	T	G
V	10735778	T	C
V	10773473	T	A
V	10831183	G	A
V	10832289	A	C
V	10838023	T	A
V	10897673	G	A
V	10922581	A	C
V	10951481	G	C
V	10959217	C	G
V	11029415	A	C
V	11065360	T	A
V	11087352	A	T
V	11124272	A	T
V	11178157	A	T
V	11200811	A	G
V	11212190	T	C
V	11219235	T	C
V	11248488	T	A
V	11248503	A	T
V	11262249	G	T
V	11272900	T	G
V	11334611	C	A
V	11338041	G	A
V	11359635	G	A
V	11364866	C	T
V	11402207	A	G
V	11404631	A	C
V	11451722	C	A
V	11453156	T	C
V	11466154	G	C
V	11495812	T	C
V	11498328	C	A
V	11561256	A	G
V	11591481	C	G
V	11595086	T	C
V	11601164	T	C
V	11611044	C	A
V	11635193	G	A
V	11643891	G	A
V	11643934	T	G
V	11672697	G	T
V	11708911	C	T
V	11710622	G	T
V	11741720	A	G
V	11762570	T	C
V	11791005	T	A
V	11810553	T	A
V	11891784	C	G
V	11891785	T	G
V	11894236	G	A
V	11905329	C	T
V	11929756	G	A
V	11930985	C	T
V	11932727	A	G
V	11943312	C	A
V	12040053	G	A
V	12055896	C	T
V	12058169	G	T
V	12081047	T	G
V	12090567	T	A
V	12090568	A	T
V	12102261	A	T
V	12114244	C	T
V	12115665	C	T
V	12122721	G	A
V	12140949	G	C
V	12166993	C	G
V	12191493	T	C
V	12243976	A	T
V	12290703	C	T
V	12300483	G	A
V	12314373	C	T
V	12315903	G	T
V	12316023	T	A
V	12316199	G	A
V	12327745	C	T
V	12374623	C	T
V	12388182	A	G
V	12416182	C	G
V	12434994	G	C
V	12441830	A	G
V	12478102	G	T
V	12481546	C	T
V	12482399	G	A
V	12485328	G	T
V	12503524	C	T
V	12545646	A	T
V	12634397	C	T
V	12667003	A	T
V	12667006	T	C
V	12703160	A	G
V	12712130	A	T
V	12727274	G	A
V	12745632	T	C
V	12764027	C	T
V	12773072	C	T
V	12774486	G	A
V	12788704	C	G
V	12807974	A	T
V	12835855	T	A
V	12924892	G	A
V	12933174	G	A
V	12944603	C	G
V	12974522	A	C
V	13008763	C	G
V	13024127	G	A
V	13045546	C	A
V	13049188	T	A
V	13053386	A	T
V	13084767	G	A
V	13118666	C	T
V	13134987	G	C
V	13134999	A	T
V	13138557	C	T
V	13167594	A	T
V	13235235	C	T
V	13245287	T	A
V	13287461	A	T
V	13318643	C	T
V	13337052	T	A
V	13339988	C	A
V	13370552	A	C
V	13392541	A	G
V	13411839	A	G
V	13428759	A	C
V	13434059	A	T
V	13436214	T	C
V	13457757	T	C
V	13478541	G	C
V	13491690	T	C
V	13529113	T	A
V	13538407	G	A
V	13554417	T	C
V	13560277	T	A
V	13562944	G	T
V	13571696	A	T
V	13573672	A	T
V	13602378	C	T
V	13678781	T	A
V	13682812	C	G
V	13683957	A	T
V	13691459	G	A
V	13721430	G	C
V	13724377	C	A
V	13724378	T	C
V	13732393	G	T
V	13735431	A	T
V	13740822	T	G
V	13753374	G	A
V	13775102	T	A
V	13780386	A	T
V	13802294	G	T
V	13804388	A	T
V	13817214	C	G
V	13827322	A	G
V	13841660	T	C
V	13855402	G	T
V	13875044	G	A
V	13887592	C	G
V	13912440	C	A
V	13918641	A	G
V	13919180	C	A
V	13928450	C	T
V	13972446	A	G
V	13987137	G	T
V	14008736	G	A
V	14012340	G	A
V	14113242	T	A
V	14146871	C	G
V	14150011	G	C
V	14179481	A	G
V	14213564	A	T
V	14238872	C	T
V	14238873	C	T
V	14247319	A	G
V	14250272	C	T
V	14269109	C	T
V	14286725	T	A
V	14310208	G	A
V	14345786	C	A
V	14345961	C	A
V	14347743	A	T
V	14375765	A	G
V	14377762	A	C
V	14391594	G	C
V	14392836	C	T
V	14459312	G	A
V	14509087	C	T
V	14537036	G	C
V	14546247	G	A
V	14607123	C	T
V	14618532	T	A
V	14643807	C	T
V	14653067	C	T
V	14738099	G	A
V	14783020	G	A
V	14808078	C	T
V	14831781	T	A
V	14833904	G	T
V	14916960	C	G
V	14962286	G	A
V	14968686	C	T
V	14990333	A	T
V	15114784	G	A
V	15174526	G	A
V	15175555	A	G
V	15189914	T	C
V	15204916	C	G
V	15215484	A	T
V	15220462	T	A
V	15237537	A	C
V	15268434	G	A
V	15282816	T	C
V	15288970	A	T
V	15298318	C	T
V	15307675	C	T
V	15311733	C	T
V	15336052	G	A
V	15364380	G	A
V	15421154	T	C
V	15424904	C	T
V	15460927	A	G
V	15465194	T	G
V	15475128	A	T
V	15499410	T	G
V	15514840	G	A
V	15553022	T	A
V	15567595	A	G
V	15574329	A	G
V	15622974	G	A
V	15629430	A	G
V	15653737	C	T
V	15705907	C	A
V	15743619	C	G
V	15781345	T	G
V	15795606	T	C
V	15815335	C	T
V	15855642	G	T
V	15869313	G	T
V	15872633	T	C
V	15930035	C	T
V	15933237	G	C
V	15947583	A	G
V	15956641	T	G
V	15975571	G	T
V	15991048	A	T
V	16010341	T	C
V	16014929	A	G
V	16035349	T	A
V	16035578	G	A
V	16050897	T	C
V	16058046	C	T
V	16086372	T	A
V	16128881	T	G
V	16128894	T	G
V	16138241	T	A
V	16162966	C	G
V	16171290	G	A
V	16171672	A	C
V	16171679	T	A
V	16179095	A	G
V	16182972	T	A
V	16193915	T	C
V	16193917	T	C
V	16200024	A	T
V	16214955	G	T
V	16230685	C	A
V	16258709	C	T
V	16289844	T	C
V	16309172	C	A
V	16315351	C	T
V	16318185	G	T
V	16365748	T	A
V	16394097	C	A
V	16437634	G	A
V	16441262	G	T
V	16458040	A	T
V	16468312	A	C
V	16494467	A	G
V	16511359	A	T
V	16511363	G	A
V	16518055	T	G
V	16536559	G	A
V	16550900	A	T
V	16559239	G	A
V	16576101	C	T
V	16577514	C	T
V	16583823	A	T
V	16624757	A	C
V	16634880	G	C
V	16685252	G	A
V	16694628	G	C
V	16726349	G	A
V	16754175	T	C
V	16760665	T	G
V	16781723	C	T
V	16812686	T	A
V	16840178	G	T
V	16865995	C	T
V	16898213	G	A
V	16900249	G	T
V	16905447	G	A
V	16905448	A	G
V	16959140	A	G
V	16959286	C	A
V	16983953	A	T
V	17027528	G	A
V	17046859	C	T
V	17072964	T	A
V	17105104	A	T
V	17137509	G	A
V	17186100	G	A
V	17210614	G	A
V	17212904	C	T
V	17227529	A	C
V	17229311	T	C
V	17371000	A	T
V	17373089	C	T
V	17381517	C	T
V	17434631	T	A
V	17438972	A	C
V	17438988	T	C
V	17439000	A	G
V	17439002	A	T
V	17457907	A	T
V	17466135	C	T
V	17480663	G	T
V	17495336	T	C
V	17539132	T	A
V	17545797	T	C
V	17561013	G	T
V	17564399	T	A
V	17602199	C	T
V	17617200	T	A
V	17746805	A	T
V	17748714	A	T
V	17771973	A	T
V	17787133	T	A
V	17844025	A	G
V	17844039	C	T
V	17844040	G	T
V	17844042	C	T
V	17850183	A	G
V	17861513	C	G
V	17882391	C	T
V	17893617	A	G
V	17909990	C	G
V	17918319	G	A
V	17933024	A	T
V	17951968	C	G
V	17962475	C	T
V	17983178	G	A
V	17985601	C	T
V	17989376	C	T
V	18016119	T	G
V	18025801	T	C
V	18028970	C	T
V	18040521	A	G
V	18041895	T	A
V	18077536	A	G
V	18145494	A	T
V	18149795	C	T
V	18150736	C	T
V	18199651	C	A
V	18213147	T	G
V	18259227	C	T
V	18363009	A	C
V	18375791	T	A
V	18382742	C	T
V	18405735	G	A
V	18424333	T	A
V	18424341	T	A
V	18426040	T	A
V	18467933	T	C
V	18475368	C	A
V	18486268	A	T
V	18547872	G	T
V	18553708	T	A
V	18559641	A	T
V	18560081	T	A
V	18599846	A	C
V	18602016	A	G
V	18602446	A	T
V	18610300	C	A
V	18610301	A	T
V	18614538	T	A
V	18618918	A	G
V	18630438	T	C
V	18647999	C	T
V	18648000	T	A
V	18692242	T	A
V	18694727	C	T
V	18834738	G	A
V	18836624	A	T
V	18839532	T	A
V	18846141	C	T
V	18877500	T	G
V	18886252	A	T
V	18892411	G	C
V	18905844	T	C
V	18907246	C	T
V	18917019	G	T
V	18919047	G	A
V	18922032	G	A
V	18925443	T	C
V	18928741	G	T
V	18974869	C	A
V	18988367	C	A
V	19008531	G	A
V	19058374	G	T
V	19074305	G	A
V	19074513	G	A
V	19088528	T	A
V	19098197	C	T
V	19145879	T	G
V	19145950	T	C
V	19158187	G	A
V	19181134	G	A
V	19185499	T	A
V	19213595	A	T
V	19232547	G	A
V	19237648	A	T
V	19266916	A	G
V	19279926	C	T
V	19285258	A	T
V	19285503	T	A
V	19318373	C	T
V	19321092	G	A
V	19321093	G	T
V	19324229	T	A
V	19330192	C	G
V	19362677	G	C
V	19375552	T	A
V	19377634	T	C
V	19380156	C	T
V	19385485	T	C
V	19389877	T	C
V	19390413	C	A
V	19400808	A	G
V	19445770	T	G
V	19447741	C	T
V	19451484	C	T
V	19466031	G	C
V	19511867	A	C
V	19525800	T	A
V	19527070	T	C
V	19539672	G	A
V	19546556	T	A
V	19558622	T	G
V	19561936	G	A
V	19565608	A	T
V	19601074	T	A
V	19623485	C	T
V	19663045	T	C
V	19674955	G	A
V	19676765	G	T
V	19696838	G	A
V	19729678	T	A
V	19730308	T	A
V	19737501	A	T
V	19740859	C	G
V	19742824	A	G
V	19748614	C	T
V	19748624	C	T
V	19764254	T	A
V	19800169	T	C
V	19801015	C	T
V	19867541	T	C
V	19888861	T	A
V	19902272	A	T
V	19912543	A	G
V	19918080	G	A
V	19926387	C	A
V	19933124	T	A
V	19944338	G	A
V	20011474	T	A
V	20038831	T	A
V	20039045	T	A
V	20066594	A	T
V	20080983	G	T
V	20080984	C	A
V	20084960	T	A
V	20090403	C	A
V	20108589	T	A
V	20134546	A	T
V	20153388	G	A
V	20161154	A	T
V	20235661	A	C
V	20296970	G	C
V	20316260	C	T
V	20343699	T	A
V	20377466	T	G
V	20420656	A	C
V	20439044	A	T
V	20447875	A	T
V	20449056	T	A
V	20450794	G	C
V	20490389	G	A
V	20518645	C	T
V	20576070	C	T
V	20589083	C	T
V	20604849	G	A
V	20635568	G	A
V	20641275	A	G
V	20641276	A	T
V	20663490	C	T
V	20671712	C	T
V	20680100	C	G
V	20711994	T	C
V	20726796	A	T
V	20728945	G	A
V	20752778	G	T
V	20797238	C	G
V	20810858	A	C
V	20824467	T	G
V	20888822	C	T
V	20922841	C	A
X	29880	T	A
X	34849	C	T
X	131884	T	A
X	155678	A	G
X	187262	G	A
X	191185	T	C
X	202420	A	C
X	218054	G	A
X	222766	A	T
X	249467	G	A
X	313199	C	T
X	316367	A	T
X	333177	A	G
X	347020	A	T
X	399883	C	T
X	405478	C	T
X	406295	A	T
X	489742	G	A
X	493707	G	C
X	534608	G	A
X	549948	G	C
X	589476	T	A
X	631745	G	C
X	637864	C	A
X	638624	G	A
X	656856	C	G
X	686228	A	T
X	703846	T	A
X	728569	T	A
X	753782	C	T
X	780943	A	T
X	789871	A	T
X	791248	G	A
X	809137	T	A
X	810676	A	T
X	824496	G	C
X	861988	C	G
X	877428	T	C
X	960111	T	A
X	972968	G	A
X	996966	T	A
X	1028302	A	T
X	1043201	T	C
X	1072885	C	A
X	1092760	T	A
X	1108780	A	T
X	1111784	A	G
X	1116000	G	C
X	1131289	G	A
X	1135009	A	G
X	1149984	G	A
X	1169341	C	T
X	1252764	A	G
X	1269306	G	A
X	1269738	C	G
X	1286928	A	G
X	1296660	T	C
X	1347465	A	T
X	1401302	T	C
X	1401421	G	T
X	1410414	A	G
X	1410833	G	T
X	1421490	A	T
X	1424528	G	A
X	1435037	C	T
X	1445625	A	G
X	1487086	T	C
X	1526746	T	A
X	1526766	T	A
X	1533420	C	T
X	1541382	C	T
X	1548555	G	C
X	1548559	T	A
X	1610135	T	A
X	1645700	T	G
X	1653847	T	A
X	1654226	G	C
X	1672672	A	G
X	1686005	G	T
X	1699534	C	T
X	1709012	G	A
X	1728508	A	C
X	1729416	T	A
X	1793916	A	C
X	1809245	T	A
X	1838046	A	C
X	1842380	T	G
X	1858036	A	G
X	1870638	G	T
X	1903996	C	G
X	1982909	C	T
X	2002739	T	G
X	2017768	G	C
X	2021960	C	T
X	2063897	A	G
X	2072924	T	A
X	2082468	A	T
X	2103031	G	A
X	2134021	G	A
X	2138212	C	T
X	2156999	G	T
X	2157029	A	C
X	2240743	A	G
X	2241577	T	A
X	2265753	C	T
X	2266110	C	T
X	2271479	C	T
X	2275633	C	A
X	2287455	T	A
X	2287865	T	A
X	2304365	T	G
X	2376390	T	A
X	2385782	C	G
X	2401067	T	C
X	2418056	T	C
X	2444105	G	C
X	2459149	T	A
X	2463426	A	T
X	2493570	C	A
X	2503464	C	A
X	2505272	T	C
X	2510453	T	A
X	2546652	T	G
X	2550887	G	A
X	2556727	A	T
X	2558383	C	T
X	2580275	T	C
X	2613830	T	G
X	2617642	A	G
X	2619787	G	A
X	2630517	A	T
X	2661383	T	A
X	2666944	G	C
X	2677060	A	C
X	2697394	T	A
X	2720903	G	T
X	2746479	A	C
X	2761304	G	T
X	2763778	G	C
X	2766043	T	A
X	2769574	T	C
X	2773247	A	T
X	2810255	C	T
X	2827064	T	C
X	2848786	A	T
X	2927405	A	T
X	2934556	G	A
X	2944595	G	T
X	2954889	C	T
X	2969982	G	A
X	2981009	A	T
X	3003668	T	C
X	3037844	A	T
X	3088173	T	A
X	3099403	G	A
X	3135577	G	A
X	3170283	A	T
X	3172299	G	A
X	3185432	A	C
X	3186726	A	C
X	3188453	T	C
X	3189467	A	T
X	3345008	C	T
X	3358135	C	G
X	3362637	A	G
X	3373934	A	T
X	3375166	T	A
X	3379428	C	T
X	3381501	A	T
X	3390917	T	G
X	3413803	A	G
X	3421148	C	T
X	3429248	G	T
X	3433105	C	T
X	3442528	G	A
X	3465668	G	A
X	3470180	G	A
X	3526417	G	T
X	3533462	T	A
X	3541725	C	T
X	3584780	G	A
X	3591573	T	A
X	3605808	G	A
X	3608490	A	T
X	3612010	C	T
X	3619088	T	A
X	3619089	C	A
X	3619822	C	T
X	3651323	C	T
X	3654361	A	T
X	3693023	A	G
X	3695164	T	A
X	3716098	T	A
X	3728182	G	A
X	3736566	A	G
X	3746510	G	A
X	3746812	G	A
X	3760232	C	A
X	3762802	C	A
X	3769563	T	A
X	3772088	A	C
X	3825822	G	T
X	3826554	A	G
X	3830283	A	T
X	3838799	C	T
X	3848073	T	G
X	3870018	T	A
X	3870298	C	A
X	3913035	A	G
X	3935310	G	A
X	3957458	T	A
X	3981606	T	C
X	4005219	T	A
X	4066565	T	A
X	4073251	C	T
X	4076149	G	A
X	4095839	T	A
X	4105304	C	T
X	4162353	C	A
X	4223298	C	T
X	4234252	C	T
X	4234595	A	G
X	4234770	G	C
X	4260498	C	A
X	4262014	C	G
X	4291925	T	A
X	4291926	A	T
X	4307074	A	T
X	4365670	G	A
X	4421410	A	T
X	4437045	G	C
X	4444955	G	T
X	4462060	C	T
X	4467218	A	C
X	4492932	A	C
X	4541595	A	T
X	4582028	C	T
X	4585914	A	T
X	4606150	A	T
X	4636941	C	T
X	4655143	T	A
X	4660712	G	A
X	4693827	T	C
X	4706920	C	G
X	4712312	T	C
X	4766318	G	T
X	4774369	A	G
X	4783422	C	G
X	4803217	G	T
X	4807901	G	A
X	4836335	C	G
X	4855375	T	G
X	4855377	G	C
X	4878867	G	A
X	4887371	A	C
X	4901727	T	G
X	4910338	C	A
X	4925128	T	A
X	4941232	T	G
X	4941556	C	G
X	4951068	C	T
X	4960391	A	T
X	4970459	G	C
X	4986205	G	C
X	5031034	G	A
X	5064901	C	T
X	5073197	T	G
X	5099966	A	G
X	5125161	G	T
X	5130925	C	T
X	5150189	C	A
X	5152478	G	A
X	5157705	T	C
X	5176222	G	A
X	5224729	C	T
X	5245354	C	G
X	5259197	C	A
X	5334399	A	T
X	5337351	C	G
X	5376205	G	T
X	5460205	T	A
X	5499158	A	C
X	5509445	G	A
X	5554019	C	A
X	5559677	C	A
X	5560968	C	A
X	5565602	G	C
X	5578473	G	C
X	5584803	T	C
X	5588152	G	A
X	5637392	T	A
X	5637563	C	T
X	5648840	G	T
X	5684192	G	A
X	5702892	G	A
X	5703906	A	T
X	5720962	T	G
X	5733331	T	G
X	5736517	A	T
X	5758886	A	G
X	5771561	G	C
X	5851749	A	T
X	5864246	A	T
X	5941165	G	A
X	5963761	G	A
X	5975298	T	C
X	5984947	A	G
X	5994831	T	A
X	6006125	T	A
X	6013460	A	G
X	6015540	G	C
X	6021758	A	C
X	6106428	G	A
X	6110962	C	G
X	6119501	T	G
X	6123400	G	A
X	6134100	G	T
X	6139661	G	A
X	6139662	A	C
X	6165182	A	T
X	6176292	A	T
X	6176873	A	T
X	6189262	C	T
X	6203804	A	G
X	6244882	T	A
X	6250946	T	C
X	6250947	C	T
X	6276171	G	A
X	6286569	G	A
X	6302735	A	T
X	6340103	T	A
X	6373706	A	T
X	6416392	T	C
X	6422816	C	T
X	6424685	G	A
X	6424882	G	A
X	6451029	T	C
X	6459658	G	A
X	6460594	A	T
X	6471198	A	T
X	6486850	A	T
X	6495949	C	G
X	6497480	A	T
X	6500858	T	A
X	6545194	A	C
X	6579126	T	A
X	6581527	C	A
X	6583001	C	T
X	6584208	T	A
X	6633605	C	T
X	6655985	T	G
X	6657136	T	C
X	6688852	T	A
X	6691444	G	C
X	6694994	T	A
X	6716339	C	A
X	6724845	A	C
X	6738874	G	A
X	6774613	G	T
X	6823129	A	T
X	6839432	G	A
X	6851571	T	G
X	6852465	G	A
X	6861660	T	G
X	6867322	T	A
X	6876724	A	T
X	6879498	C	A
X	6931363	A	T
X	6995813	C	G
X	7017238	C	T
X	7019358	T	C
X	7023699	G	A
X	7063458	C	T
X	7076717	G	A
X	7131862	A	T
X	7157214	T	C
X	7173564	C	T
X	7182582	T	A
X	7184896	A	G
X	7221172	C	G
X	7224844	C	G
X	7274318	G	A
X	7291101	G	A
X	7318521	T	C
X	7324393	C	G
X	7391722	G	A
X	7399230	G	A
X	7401286	A	T
X	7423435	A	T
X	7428452	C	A
X	7468533	C	T
X	7470805	C	T
X	7472487	T	C
X	7475276	A	C
X	7493799	G	A
X	7518200	A	T
X	7537906	A	T
X	7545954	G	C
X	7570028	A	T
X	7595845	C	G
X	7607466	C	T
X	7613159	T	C
X	7635448	G	A
X	7673390	C	T
X	7713727	T	A
X	7736319	C	A
X	7756467	C	T
X	7790181	C	T
X	7794710	G	A
X	7822533	G	T
X	7824752	G	A
X	7850849	G	A
X	7857176	C	G
X	7862377	T	C
X	7903470	A	T
X	7913658	C	A
X	7935809	A	G
X	7945781	G	A
X	7945876	T	C
X	7950227	G	A
X	7952711	G	A
X	8027427	A	T
X	8040506	T	A
X	8057925	A	T
X	8085601	C	T
X	8089989	G	T
X	8110901	G	T
X	8150123	C	G
X	8160077	T	A
X	8179074	G	T
X	8218204	A	T
X	8243818	A	C
X	8244491	G	C
X	8246659	C	G
X	8254561	T	C
X	8263893	G	A
X	8268064	C	T
X	8268080	A	T
X	8273944	T	A
X	8315559	C	A
X	8315560	A	C
X	8326001	G	A
X	8327124	C	A
X	8337058	C	G
X	8365865	A	T
X	8366936	C	A
X	8393512	T	C
X	8481011	T	G
X	8487817	A	G
X	8500813	C	T
X	8508445	A	G
X	8543742	C	T
X	8557975	A	T
X	8559537	T	A
X	8625667	C	A
X	8678322	A	G
X	8682275	T	C
X	8716639	A	T
X	8723203	C	T
X	8740803	G	A
X	8756145	C	T
X	8768916	C	A
X	8809696	T	G
X	8811518	C	A
X	8819999	T	C
X	8845141	C	T
X	8935381	T	C
X	8939271	A	T
X	8984503	G	A
X	8984504	T	C
X	9032047	A	C
X	9059271	T	A
X	9109269	T	C
X	9113667	T	C
X	9116005	G	A
X	9142420	T	C
X	9144083	G	T
X	9148529	C	T
X	9163227	T	G
X	9180396	C	T
X	9189980	G	A
X	9202011	C	T
X	9230335	T	A
X	9232176	A	T
X	9283580	C	T
X	9293038	A	C
X	9297163	A	G
X	9351766	C	T
X	9353795	A	T
X	9458577	T	A
X	9459328	G	T
X	9463297	T	C
X	9510417	G	A
X	9510461	A	T
X	9516154	G	A
X	9533788	A	C
X	9551517	G	T
X	9574654	T	A
X	9578951	G	T
X	9604548	A	T
X	9622940	T	G
X	9662338	T	G
X	9695920	T	A
X	9714602	T	A
X	9716253	G	A
X	9763330	T	A
X	9764445	T	G
X	9765049	G	A
X	9814475	C	G
X	9865648	G	C
X	9889758	C	T
X	9971073	T	A
X	9984787	A	T
X	9991010	T	C
X	10043210	T	A
X	10052538	T	C
X	10061159	C	G
X	10117574	C	A
X	10135125	A	T
X	10135138	T	A
X	10150014	T	A
X	10178177	C	T
X	10189325	T	A
X	10196479	T	A
X	10214817	C	T
X	10216869	A	G
X	10217734	G	T
X	10218322	A	T
X	10230248	G	A
X	10262865	A	T
X	10271691	A	G
X	10293780	C	A
X	10316249	G	A
X	10327379	C	A
X	10331632	C	A
X	10389598	G	A
X	10392849	T	A
X	10399758	C	A
X	10408950	A	G
X	10427340	A	G
X	10440306	A	G
X	10484510	A	G
X	10497371	T	G
X	10508467	G	T
X	10511068	C	T
X	10516570	G	A
X	10532590	G	A
X	10570875	T	G
X	10590734	A	C
X	10645979	T	G
X	10647486	T	A
X	10704838	A	G
X	10742778	A	G
X	10765091	G	C
X	10807827	T	C
X	10839659	C	T
X	10842100	T	C
X	10844619	C	T
X	10870942	C	A
X	10880823	G	A
X	10903579	T	A
X	10904330	A	G
X	10905617	G	A
X	10959989	A	T
X	10967848	C	A
X	10987354	G	A
X	11003862	G	A
X	11016067	G	T
X	11053802	G	A
X	11067585	G	T
X	11091138	T	G
X	11142100	T	C
X	11190152	A	T
X	11191713	T	A
X	11211583	C	T
X	11234849	C	A
X	11245428	G	A
X	11284702	C	A
X	11331196	A	T
X	11333928	C	A
X	11352170	A	T
X	11359393	C	G
X	11386678	G	A
X	11397518	T	C
X	11397685	G	C
X	11422880	A	T
X	11423877	C	G
X	11427246	A	C
X	11429832	G	A
X	11434880	G	C
X	11448889	A	G
X	11457965	G	A
X	11467033	A	T
X	11476354	C	A
X	11476654	G	A
X	11545291	T	C
X	11562176	A	T
X	11594501	G	T
X	11595976	T	A
X	11597604	A	G
X	11614825	C	A
X	11667220	G	A
X	11688189	G	T
X	11713655	A	G
X	11762110	G	T
X	11770961	A	G
X	11781858	C	A
X	11811970	T	A
X	11840868	G	A
X	11862816	T	G
X	11884992	T	A
X	11886282	G	A
X	11893740	T	C
X	11893742	T	A
X	11900038	T	A
X	11904623	T	C
X	11909569	A	T
X	11911301	G	T
X	11926647	A	G
X	11929097	A	G
X	11943852	G	T
X	12013225	T	G
X	12020372	G	A
X	12020616	T	C
X	12045146	G	C
X	12055466	T	G
X	12057011	T	G
X	12060405	A	G
X	12062717	G	C
X	12099419	A	G
X	12117890	C	T
X	12125701	T	G
X	12142231	G	A
X	12154692	G	A
X	12179055	T	A
X	12185533	C	T
X	12234159	G	T
X	12257154	A	G
X	12260546	C	T
X	12272745	G	A
X	12298160	A	G
X	12301736	G	A
X	12333623	A	G
X	12351118	C	T
X	12383971	G	A
X	12388199	G	C
X	12408251	A	T
X	12421261	A	C
X	12422709	C	A
X	12455915	T	A
X	12460739	G	C
X	12461268	G	A
X	12506566	A	C
X	12508531	G	A
X	12590188	C	T
X	12596576	G	C
X	12625673	T	G
X	12628752	G	T
X	12638351	C	A
X	12647129	C	T
X	12676020	C	T
X	12757893	G	A
X	12773661	C	T
X	12777631	A	T
X	12786997	T	C
X	12787776	C	G
X	12804789	G	A
X	12824224	G	T
X	12839802	C	G
X	12849102	G	T
X	12851148	A	T
X	12876023	A	G
X	12876181	T	A
X	12911773	T	A
X	12923697	T	C
X	12941592	C	G
X	12942552	T	A
X	12958270	C	T
X	12983997	C	T
X	13030581	A	G
X	13031167	C	A
X	13054293	C	T
X	13123670	G	A
X	13162499	T	A
X	13177582	C	G
X	13182607	T	A
X	13183159	C	A
X	13200678	C	A
X	13201275	G	A
X	13255617	G	A
X	13276475	G	T
X	13330553	G	A
X	13341083	G	C
X	13353435	G	A
X	13371430	C	T
X	13376742	G	T
X	13378528	G	A
X	13386315	T	G
X	13386446	C	T
X	13399528	A	T
X	13434255	G	A
X	13459509	C	T
X	13471397	T	A
X	13502701	C	T
X	13548129	G	A
X	13560219	A	T
X	13593063	C	T
X	13645076	G	T
X	13653243	G	A
X	13715898	C	G
X	13718883	C	T
X	13722661	A	T
X	13760198	G	C
X	13766344	G	A
X	13804100	C	A
X	13832397	A	G
X	13845893	G	A
X	13856370	G	T
X	13884480	G	C
X	13886614	A	T
X	13926369	G	C
X	13927486	A	G
X	13932779	T	A
X	13964026	T	C
X	13967483	G	A
X	14009638	A	T
X	14087409	C	T
X	14087410	A	C
X	14098596	T	G
X	14101914	G	C
X	14123854	C	T
X	14160477	G	A
X	14168162	G	A
X	14201889	T	G
X	14247122	C	A
X	14269905	G	A
X	14299053	T	A
X	14347925	A	G
X	14384423	G	A
X	14410137	A	C
X	14480857	T	A
X	14491398	A	T
X	14495762	A	C
X	14547299	C	T
X	14585929	C	T
X	14602262	C	T
X	14603179	A	T
X	14616237	G	T
X	14634447	C	T
X	14650797	C	T
X	14703759	T	A
X	14718658	G	A
X	14722837	T	C
X	14745570	A	G
X	14760722	T	A
X	14768336	T	C
X	14841530	T	A
X	14844398	T	G
X	14845270	G	C
X	14867277	G	C
X	14870328	T	C
X	14894932	C	T
X	14899652	G	T
X	14905751	C	T
X	14919032	G	A
X	14921935	C	T
X	14929306	C	T
X	14933806	A	T
X	14976615	G	T
X	14998837	T	C
X	15020231	A	T
X	15046949	G	A
X	15089877	C	T
X	15094250	T	C
X	15104517	G	T
X	15104532	A	T
X	15143323	A	T
X	15169434	T	G
X	15174049	T	A
X	15179815	A	C
X	15187865	C	T
X	15218801	A	G
X	15251801	A	T
X	15308960	C	T
X	15309155	G	T
X	15346112	T	G
X	15348581	C	T
X	15349184	C	T
X	15362372	C	G
X	15366666	A	T
X	15425584	A	G
X	15436382	A	T
X	15471024	A	T
X	15477540	G	T
X	15493683	A	T
X	15496489	G	T
X	15509800	C	T
X	15514062	A	T
X	15549686	T	A
X	15552816	A	T
X	15563111	G	T
X	15593538	A	G
X	15598302	G	A
X	15602858	T	A
X	15608214	G	A
X	15622749	C	T
X	15636150	T	A
X	15654015	T	C
X	15666134	C	T
X	15681616	G	T
X	15734997	C	G
X	15790917	T	G
X	15804136	T	A
X	15807542	G	T
X	15812048	G	T
X	15831471	T	C
X	15865271	A	T
X	15877499	A	T
X	15890649	A	T
X	15905755	T	A
X	15908102	G	A
X	15927187	A	G
X	15940522	T	A
X	15990877	G	A
X	16064702	G	T
X	16099718	G	T
X	16130504	A	T
X	16141025	A	G
X	16154998	A	T
X	16160575	G	A
X	16169631	C	G
X	16174079	C	A
X	16193889	G	C
X	16220766	C	T
X	16244920	G	A
X	16246440	A	T
X	16280551	A	T
X	16304800	A	G
X	16336319	T	A
X	16388644	G	A
X	16388776	A	T
X	16402222	C	T
X	16403027	G	T
X	16408800	C	T
X	16446088	G	C
X	16496539	G	A
X	16521817	T	A
X	16532365	T	A
X	16550570	C	A
X	16561434	C	T
X	16561911	C	A
X	16562526	C	T
X	16619957	T	C
X	16633678	A	T
X	16666111	C	G
X	16666345	G	A
X	16667861	C	T
X	16671030	T	C
X	16709597	T	C
X	16716288	C	T
X	16734110	G	A
X	16775467	C	A
X	16782577	G	A
X	16783050	G	A
X	16810126	G	A
X	16817116	G	A
X	16852716	C	T
X	16894490	A	G
X	16908662	T	A
X	16912390	C	T
X	16922325	G	C
X	16923003	T	A
X	16923113	T	C
X	16944232	G	C
X	17052565	G	A
X	17061801	G	T
X	17167204	A	T
X	17182183	G	A
X	17194481	T	G
X	17210049	G	T
X	17236046	A	G
X	17239315	G	A
X	17240824	A	T
X	17253046	G	T
X	17269015	T	A
X	17287226	T	C
X	17296845	A	G
X	17314435	T	A
X	17365315	T	A
X	17385669	A	C
X	17399039	T	A
X	17450456	C	T
X	17475589	C	T
X	17528534	A	C
X	17530020	C	A
X	17533173	A	C
X	17542478	G	T
X	17565400	C	T
X	17585144	T	C
X	17591778	G	A
X	17602137	G	A
X	17638568	C	T
X	17648900	G	A
X	17694228	G	A
X	17713369	C	T
