Unnamed: 0,Tr,Block,Gen,Genassay,Linex,Sublinex,CI,lnCI,lnCIx,O1_totalmutsx,O2_totalmutsx,Totalmutsx,GenotypeIndex
0,G0,1,0.0,G0,1,1,0.164179104,-1.806797347,-1.806797347,0.0,0.0,0.0,0
1,G0,1,0.0,G0,1,1,0.258741259,-1.351926718,-1.351926718,0.0,0.0,0.0,0
2,G0,1,0.0,G0,1,1,0.621052632,-0.476339448,-0.476339448,0.0,0.0,0.0,0
3,G0,1,0.0,G0,1,1,0.245210728,-1.405637324,-1.405637324,0.0,0.0,0.0,0
4,G0,1,0.0,G0,1,1,0.445121951,-0.809406987,-0.809406987,0.0,0.0,0.0,0
5,G0,1,0.0,G0,1,1,0.347457627,-1.057112558,-1.057112558,0.0,0.0,0.0,0
6,G0,1,0.0,G0,1,1,4.243243243,1.445327893,1.445327893,0.0,0.0,0.0,0
7,G0,1,0.0,G0,2,2,2.098360656,0.7411564,0.7411564,0.0,0.0,0.0,1
8,G0,1,0.0,G0,2,2,0.820512821,-0.197825743,-0.197825743,0.0,0.0,0.0,1
9,G0,1,0.0,G0,2,2,3.081081081,1.125280536,1.125280536,0.0,0.0,0.0,1
10,G0,1,0.0,G0,2,2,1.0,0.0,0.0,0.0,0.0,0.0,1
11,G0,1,0.0,G0,2,2,14.36363636,2.66469976,2.66469976,0.0,0.0,0.0,1
12,G0,1,0.0,G0,2,2,0.545454545,-0.606135804,-0.606135804,0.0,0.0,0.0,1
14,G0,1,0.0,G0,3,3,6.526315789,1.875842586,1.875842586,0.0,0.0,0.0,2
15,G0,1,0.0,G0,3,3,2.702702703,0.994252273,0.994252273,0.0,0.0,0.0,2
16,G0,1,0.0,G0,3,3,1.018348624,0.018182319,0.018182319,0.0,0.0,0.0,2
17,G0,1,0.0,G0,3,3,0.520325203,-0.653301272,-0.653301272,0.0,0.0,0.0,2
18,G0,1,0.0,G0,3,3,1.606557377,0.474093614,0.474093614,0.0,0.0,0.0,2
19,G0,1,0.0,G0,3,3,0.296774194,-1.21478372,-1.21478372,0.0,0.0,0.0,2
20,G0,1,0.0,G0,3,3,1.725490196,0.545511182,0.545511182,0.0,0.0,0.0,2
21,G0,1,0.0,G0,4,4,0.629213483,-0.463284679,-0.463284679,0.0,0.0,0.0,3
22,G0,1,0.0,G0,4,4,0.579545455,-0.545511182,-0.545511182,0.0,0.0,0.0,3
24,G0,1,0.0,G0,4,4,0.449275362,-0.8001193,-0.8001193,0.0,0.0,0.0,3
25,G0,1,0.0,G0,4,4,1.12987013,0.122102697,0.122102697,0.0,0.0,0.0,3
26,G0,1,0.0,G0,4,4,0.231111111,-1.464856684,-1.464856684,0.0,0.0,0.0,3
27,G0,1,0.0,G0,4,4,0.673913043,-0.394654192,-0.394654192,0.0,0.0,0.0,3
28,G0,1,0.0,G0,5,5,12.14285714,2.496741107,2.496741107,0.0,0.0,0.0,4
29,G0,1,0.0,G0,5,5,2.551020408,0.936493439,0.936493439,0.0,0.0,0.0,4
30,G0,1,0.0,G0,5,5,0.476510067,-0.741266429,-0.741266429,0.0,0.0,0.0,4
31,G0,1,0.0,G0,5,5,0.430463576,-0.842892567,-0.842892567,0.0,0.0,0.0,4
32,G0,1,0.0,G0,5,5,0.588785047,-0.529694108,-0.529694108,0.0,0.0,0.0,4
33,G0,1,0.0,G0,5,5,0.140909091,-1.959640342,-1.959640342,0.0,0.0,0.0,4
34,G0,1,0.0,G0,5,5,4.111111111,1.413693335,1.413693335,0.0,0.0,0.0,4
35,G0,1,0.0,G0,6,6,0.696969697,-0.361013346,-0.361013346,0.0,0.0,0.0,5
36,G0,1,0.0,G0,6,6,0.657657658,-0.41907076,-0.41907076,0.0,0.0,0.0,5
37,G0,1,0.0,G0,6,6,0.164102564,-1.807263656,-1.807263656,0.0,0.0,0.0,5
38,G0,1,0.0,G0,6,6,2.5,0.916290732,0.916290732,0.0,0.0,0.0,5
39,G0,1,0.0,G0,6,6,0.551181102,-0.595691844,-0.595691844,0.0,0.0,0.0,5
40,G0,1,0.0,G0,6,6,0.809090909,-0.211843996,-0.211843996,0.0,0.0,0.0,5
41,G0,1,0.0,G0,6,6,8.916666667,2.187922185,2.187922185,0.0,0.0,0.0,5
42,G0,1,0.0,G0,7,7,1.5,0.405465108,0.405465108,0.0,0.0,0.0,6
43,G0,1,0.0,G0,7,7,1.578947368,0.456758402,0.456758402,0.0,0.0,0.0,6
44,G0,1,0.0,G0,7,7,0.423423423,-0.8593826,-0.8593826,0.0,0.0,0.0,6
45,G0,1,0.0,G0,7,7,1.538461538,0.430782916,0.430782916,0.0,0.0,0.0,6
46,G0,1,0.0,G0,7,7,1.977272727,0.681718485,0.681718485,0.0,0.0,0.0,6
47,G0,1,0.0,G0,7,7,1.227848101,0.205263126,0.205263126,0.0,0.0,0.0,6
48,G0,1,0.0,G0,7,7,5.291666667,1.666133256,1.666133256,0.0,0.0,0.0,6
49,G0,1,0.0,G0,8,8,0.126436782,-2.068012846,-2.068012846,0.0,0.0,0.0,7
50,G0,1,0.0,G0,8,8,2.457142857,0.898999235,0.898999235,0.0,0.0,0.0,7
51,G0,1,0.0,G0,8,8,0.496815287,-0.699536979,-0.699536979,0.0,0.0,0.0,7
52,G0,1,0.0,G0,8,8,0.852631579,-0.159427737,-0.159427737,0.0,0.0,0.0,7
53,G0,1,0.0,G0,8,8,0.111842105,-2.190667177,-2.190667177,0.0,0.0,0.0,7
54,G0,1,0.0,G0,8,8,0.446808511,-0.805625164,-0.805625164,0.0,0.0,0.0,7
55,G0,1,0.0,G0,8,8,0.412121212,-0.886437769,-0.886437769,0.0,0.0,0.0,7
56,G0,1,0.0,G0,9,9,4.944444444,1.598264612,1.598264612,0.0,0.0,0.0,8
57,G0,1,0.0,G0,9,9,0.41958042,-0.868500068,-0.868500068,0.0,0.0,0.0,8
58,G0,1,0.0,G0,9,9,13.71428571,2.618438042,2.618438042,0.0,0.0,0.0,8
59,G0,1,0.0,G0,9,9,0.604651163,-0.503103578,-0.503103578,0.0,0.0,0.0,8
60,G0,1,0.0,G0,9,9,0.827160494,-0.189756535,-0.189756535,0.0,0.0,0.0,8
61,G0,1,0.0,G0,9,9,1.637931034,0.493433881,0.493433881,0.0,0.0,0.0,8
62,G0,1,0.0,G0,9,9,5.9375,1.781288169,1.781288169,0.0,0.0,0.0,8
63,G0,1,0.0,G0,10,10,3.346153846,1.207811581,1.207811581,0.0,0.0,0.0,9
64,G0,1,0.0,G0,10,10,0.3671875,-1.001882662,-1.001882662,0.0,0.0,0.0,9
65,G0,1,0.0,G0,10,10,0.444444444,-0.810930216,-0.810930216,0.0,0.0,0.0,9
66,G0,1,0.0,G0,10,10,1.174757282,0.161061557,0.161061557,0.0,0.0,0.0,9
67,G0,1,0.0,G0,10,10,1.642857143,0.496436886,0.496436886,0.0,0.0,0.0,9
68,G0,1,0.0,G0,10,10,1.346153846,0.297251523,0.297251523,0.0,0.0,0.0,9
69,G0,1,0.0,G0,10,10,6.238095238,1.830674885,1.830674885,0.0,0.0,0.0,9
70,G0,1,0.0,G0,11,11,0.182857143,-1.699050071,-1.699050071,0.0,0.0,0.0,10
71,G0,1,0.0,G0,11,11,0.068421053,-2.682074715,-2.682074715,0.0,0.0,0.0,10
72,G0,1,0.0,G0,11,11,0.570512821,-0.561219638,-0.561219638,0.0,0.0,0.0,10
73,G0,1,0.0,G0,11,11,3.16,1.150572028,1.150572028,0.0,0.0,0.0,10
74,G0,1,0.0,G0,11,11,0.492753623,-0.70774598,-0.70774598,0.0,0.0,0.0,10
75,G0,1,0.0,G0,11,11,0.803149606,-0.219214273,-0.219214273,0.0,0.0,0.0,10
76,G0,1,0.0,G0,11,11,0.455696203,-0.785928914,-0.785928914,0.0,0.0,0.0,10
77,G0,1,0.0,G0,12,12,0.429530201,-0.845063223,-0.845063223,0.0,0.0,0.0,11
78,G0,1,0.0,G0,12,12,0.345945946,-1.061472742,-1.061472742,0.0,0.0,0.0,11
80,G0,1,0.0,G0,12,12,0.542635659,-0.611317162,-0.611317162,0.0,0.0,0.0,11
81,G0,1,0.0,G0,12,12,0.451219512,-0.795801335,-0.795801335,0.0,0.0,0.0,11
82,G0,1,0.0,G0,12,12,0.309677419,-1.172224106,-1.172224106,0.0,0.0,0.0,11
83,G0,1,0.0,G0,12,12,1.670212766,0.512951023,0.512951023,0.0,0.0,0.0,11
84,G0,1,0.0,G0,13,13,10.0,2.302585093,2.302585093,0.0,0.0,0.0,12
85,G0,1,0.0,G0,13,13,0.709677419,-0.342944751,-0.342944751,0.0,0.0,0.0,12
86,G0,1,0.0,G0,13,13,0.628571429,-0.464305608,-0.464305608,0.0,0.0,0.0,12
87,G0,1,0.0,G0,13,13,0.44375,-0.812493938,-0.812493938,0.0,0.0,0.0,12
89,G0,1,0.0,G0,13,13,0.401408451,-0.91277579,-0.91277579,0.0,0.0,0.0,12
90,G0,1,0.0,G0,13,13,0.328947368,-1.111857515,-1.111857515,0.0,0.0,0.0,12
91,G0,1,0.0,G0,14,14,0.744186047,-0.295464213,-0.295464213,0.0,0.0,0.0,13
92,G0,1,0.0,G0,14,14,0.5234375,-0.647337645,-0.647337645,0.0,0.0,0.0,13
93,G0,1,0.0,G0,14,14,0.267973856,-1.316865855,-1.316865855,0.0,0.0,0.0,13
94,G0,1,0.0,G0,14,14,2.888888889,1.060871961,1.060871961,0.0,0.0,0.0,13
95,G0,1,0.0,G0,14,14,0.921568627,-0.081678031,-0.081678031,0.0,0.0,0.0,13
96,G0,1,0.0,G0,14,14,0.650273224,-0.43036266,-0.43036266,0.0,0.0,0.0,13
97,G0,1,0.0,G0,14,14,0.547297297,-0.602763119,-0.602763119,0.0,0.0,0.0,13
98,G0,1,0.0,G0,15,15,0.834586466,-0.180818927,-0.180818927,0.0,0.0,0.0,14
99,G0,1,0.0,G0,15,15,0.319727891,-1.140284985,-1.140284985,0.0,0.0,0.0,14
100,G0,1,0.0,G0,15,15,0.275280899,-1.289963252,-1.289963252,0.0,0.0,0.0,14
101,G0,1,0.0,G0,15,15,0.472636816,-0.749428016,-0.749428016,0.0,0.0,0.0,14
102,G0,1,0.0,G0,15,15,0.353658537,-1.039423417,-1.039423417,0.0,0.0,0.0,14
103,G0,1,0.0,G0,15,15,0.573529412,-0.555946059,-0.555946059,0.0,0.0,0.0,14
104,G0,1,0.0,G0,15,15,0.810344828,-0.210295409,-0.210295409,0.0,0.0,0.0,14
105,G0,1,0.0,G0,16,16,0.452702703,-0.792519654,-0.792519654,0.0,0.0,0.0,15
106,G0,1,0.0,G0,16,16,0.240641711,-1.424446127,-1.424446127,0.0,0.0,0.0,15
107,G0,1,0.0,G0,16,16,0.4,-0.916290732,-0.916290732,0.0,0.0,0.0,15
108,G0,1,0.0,G0,16,16,0.221518987,-1.507246972,-1.507246972,0.0,0.0,0.0,15
109,G0,1,0.0,G0,16,16,0.483660131,-0.726372828,-0.726372828,0.0,0.0,0.0,15
110,G0,1,0.0,G0,16,16,0.433333333,-0.836248024,-0.836248024,0.0,0.0,0.0,15
111,G0,1,0.0,G0,16,16,0.571428571,-0.559615788,-0.559615788,0.0,0.0,0.0,15
112,G0,1,0.0,G0,17,17,1.428571429,0.356674944,0.356674944,0.0,0.0,0.0,16
113,G0,1,0.0,G0,17,17,0.276470588,-1.285650835,-1.285650835,0.0,0.0,0.0,16
114,G0,1,0.0,G0,17,17,0.852941176,-0.159064695,-0.159064695,0.0,0.0,0.0,16
115,G0,1,0.0,G0,17,17,0.745098039,-0.294239473,-0.294239473,0.0,0.0,0.0,16
116,G0,1,0.0,G0,17,17,0.54,-0.616186139,-0.616186139,0.0,0.0,0.0,16
117,G0,1,0.0,G0,17,17,0.158974359,-1.839012354,-1.839012354,0.0,0.0,0.0,16
118,G0,1,0.0,G0,17,17,1.850746269,0.615588946,0.615588946,0.0,0.0,0.0,16
119,G0,1,0.0,G0,18,18,5.4375,1.693319396,1.693319396,0.0,0.0,0.0,17
120,G0,1,0.0,G0,18,18,0.064864865,-2.735449175,-2.735449175,0.0,0.0,0.0,17
121,G0,1,0.0,G0,18,18,0.927272727,-0.075507553,-0.075507553,0.0,0.0,0.0,17
122,G0,1,0.0,G0,18,18,0.666666667,-0.405465108,-0.405465108,0.0,0.0,0.0,17
123,G0,1,0.0,G0,18,18,0.535947712,-0.623718674,-0.623718674,0.0,0.0,0.0,17
124,G0,1,0.0,G0,18,18,1.378640777,0.321098069,0.321098069,0.0,0.0,0.0,17
125,G0,1,0.0,G0,18,18,1.431818182,0.358945092,0.358945092,0.0,0.0,0.0,17
126,G0,1,0.0,G0,19,19,1.679487179,0.518488497,0.518488497,0.0,0.0,0.0,18
127,G0,1,0.0,G0,19,19,0.836206897,-0.178879213,-0.178879213,0.0,0.0,0.0,18
128,G0,1,0.0,G0,19,19,1.384615385,0.3254224,0.3254224,0.0,0.0,0.0,18
129,G0,1,0.0,G0,19,19,13.07142857,2.570428823,2.570428823,0.0,0.0,0.0,18
130,G0,1,0.0,G0,19,19,0.067264574,-2.69912157,-2.69912157,0.0,0.0,0.0,18
131,G0,1,0.0,G0,19,19,0.935779817,-0.066375069,-0.066375069,0.0,0.0,0.0,18
132,G0,1,0.0,G0,19,19,2.472972973,0.90542106,0.90542106,0.0,0.0,0.0,18
133,G0,1,0.0,G0,20,20,0.892561983,-0.113659318,-0.113659318,0.0,0.0,0.0,19
134,G0,1,0.0,G0,20,20,1.103092784,0.098117856,0.098117856,0.0,0.0,0.0,19
135,G0,1,0.0,G0,20,20,1.506493506,0.409784769,0.409784769,0.0,0.0,0.0,19
136,G0,1,0.0,G0,20,20,0.565217391,-0.570544858,-0.570544858,0.0,0.0,0.0,19
137,G0,1,0.0,G0,20,20,0.493670886,-0.705886206,-0.705886206,0.0,0.0,0.0,19
138,G0,1,0.0,G0,20,20,0.616,-0.484508315,-0.484508315,0.0,0.0,0.0,19
140,G0,2,0.0,G0,1,1,0.330357143,-1.107580959,-1.107580959,0.0,0.0,0.0,0
142,G0,2,0.0,G0,1,1,0.666666667,-0.405465108,-0.405465108,0.0,0.0,0.0,0
143,G0,2,0.0,G0,1,1,0.106666667,-2.238046572,-2.238046572,0.0,0.0,0.0,0
144,G0,2,0.0,G0,1,1,0.117647059,-2.140066163,-2.140066163,0.0,0.0,0.0,0
145,G0,2,0.0,G0,1,1,0.237179487,-1.438938095,-1.438938095,0.0,0.0,0.0,0
146,G0,2,0.0,G0,1,1,0.774193548,-0.255933374,-0.255933374,0.0,0.0,0.0,0
147,G0,2,0.0,G0,2,2,0.622377622,-0.474208261,-0.474208261,0.0,0.0,0.0,1
148,G0,2,0.0,G0,2,2,0.4375,-0.826678573,-0.826678573,0.0,0.0,0.0,1
149,G0,2,0.0,G0,2,2,0.375,-0.980829253,-0.980829253,0.0,0.0,0.0,1
150,G0,2,0.0,G0,2,2,1.416666667,0.348306694,0.348306694,0.0,0.0,0.0,1
151,G0,2,0.0,G0,2,2,0.333333333,-1.098612289,-1.098612289,0.0,0.0,0.0,1
153,G0,2,0.0,G0,2,2,3.64,1.291983682,1.291983682,0.0,0.0,0.0,1
154,G0,2,0.0,G0,3,3,0.379746835,-0.968250471,-0.968250471,0.0,0.0,0.0,2
155,G0,2,0.0,G0,3,3,0.702898551,-0.352542707,-0.352542707,0.0,0.0,0.0,2
156,G0,2,0.0,G0,3,3,1.425925926,0.354821375,0.354821375,0.0,0.0,0.0,2
158,G0,2,0.0,G0,3,3,0.8125,-0.207639365,-0.207639365,0.0,0.0,0.0,2
159,G0,2,0.0,G0,3,3,0.4375,-0.826678573,-0.826678573,0.0,0.0,0.0,2
160,G0,2,0.0,G0,3,3,0.578947368,-0.546543706,-0.546543706,0.0,0.0,0.0,2
161,G0,2,0.0,G0,4,4,12.5,2.525728644,2.525728644,0.0,0.0,0.0,3
162,G0,2,0.0,G0,4,4,0.424657534,-0.856472237,-0.856472237,0.0,0.0,0.0,3
163,G0,2,0.0,G0,4,4,0.875,-0.133531393,-0.133531393,0.0,0.0,0.0,3
164,G0,2,0.0,G0,4,4,0.290322581,-1.236762627,-1.236762627,0.0,0.0,0.0,3
165,G0,2,0.0,G0,4,4,0.692307692,-0.36772478,-0.36772478,0.0,0.0,0.0,3
166,G0,2,0.0,G0,4,4,1.307692308,0.268263987,0.268263987,0.0,0.0,0.0,3
167,G0,2,0.0,G0,4,4,1.142857143,0.133531393,0.133531393,0.0,0.0,0.0,3
168,G0,2,0.0,G0,5,5,0.680412371,-0.385056236,-0.385056236,0.0,0.0,0.0,4
169,G0,2,0.0,G0,5,5,0.553030303,-0.592342481,-0.592342481,0.0,0.0,0.0,4
170,G0,2,0.0,G0,5,5,2.0,0.693147181,0.693147181,0.0,0.0,0.0,4
171,G0,2,0.0,G0,5,5,3.4,1.223775432,1.223775432,0.0,0.0,0.0,4
172,G0,2,0.0,G0,5,5,0.481132075,-0.731613461,-0.731613461,0.0,0.0,0.0,4
173,G0,2,0.0,G0,5,5,0.261682243,-1.340624324,-1.340624324,0.0,0.0,0.0,4
174,G0,2,0.0,G0,5,5,0.746268657,-0.292669614,-0.292669614,0.0,0.0,0.0,4
175,G0,2,0.0,G0,6,6,4.6875,1.544899391,1.544899391,0.0,0.0,0.0,5
176,G0,2,0.0,G0,6,6,0.739837398,-0.301324849,-0.301324849,0.0,0.0,0.0,5
177,G0,2,0.0,G0,6,6,4.666666667,1.540445041,1.540445041,0.0,0.0,0.0,5
178,G0,2,0.0,G0,6,6,1.0,0.0,0.0,0.0,0.0,0.0,5
179,G0,2,0.0,G0,6,6,0.5234375,-0.647337645,-0.647337645,0.0,0.0,0.0,5
180,G0,2,0.0,G0,6,6,0.952941176,-0.048202102,-0.048202102,0.0,0.0,0.0,5
181,G0,2,0.0,G0,6,6,0.684210526,-0.379489622,-0.379489622,0.0,0.0,0.0,5
182,G0,2,0.0,G0,7,7,1.75,0.559615788,0.559615788,0.0,0.0,0.0,6
183,G0,2,0.0,G0,7,7,4.045454545,1.397593916,1.397593916,0.0,0.0,0.0,6
184,G0,2,0.0,G0,7,7,0.485981308,-0.721585116,-0.721585116,0.0,0.0,0.0,6
185,G0,2,0.0,G0,7,7,0.401709402,-0.912026333,-0.912026333,0.0,0.0,0.0,6
186,G0,2,0.0,G0,7,7,0.770491803,-0.260726262,-0.260726262,0.0,0.0,0.0,6
187,G0,2,0.0,G0,7,7,0.517241379,-0.659245629,-0.659245629,0.0,0.0,0.0,6
188,G0,2,0.0,G0,7,7,0.531914894,-0.631271777,-0.631271777,0.0,0.0,0.0,6
189,G0,2,0.0,G0,8,8,0.578512397,-0.547295304,-0.547295304,0.0,0.0,0.0,7
190,G0,2,0.0,G0,8,8,0.726190476,-0.319942935,-0.319942935,0.0,0.0,0.0,7
192,G0,2,0.0,G0,8,8,6.388888889,1.85456037,1.85456037,0.0,0.0,0.0,7
193,G0,2,0.0,G0,8,8,0.47826087,-0.737598943,-0.737598943,0.0,0.0,0.0,7
194,G0,2,0.0,G0,8,8,0.337579618,-1.085953892,-1.085953892,0.0,0.0,0.0,7
195,G0,2,0.0,G0,8,8,0.55,-0.597837001,-0.597837001,0.0,0.0,0.0,7
197,G0,2,0.0,G0,9,9,0.871794872,-0.137201122,-0.137201122,0.0,0.0,0.0,8
198,G0,2,0.0,G0,9,9,0.738095238,-0.303682414,-0.303682414,0.0,0.0,0.0,8
199,G0,2,0.0,G0,9,9,0.902439024,-0.102654154,-0.102654154,0.0,0.0,0.0,8
200,G0,2,0.0,G0,9,9,0.252293578,-1.377161878,-1.377161878,0.0,0.0,0.0,8
201,G0,2,0.0,G0,9,9,1.625,0.485507816,0.485507816,0.0,0.0,0.0,8
202,G0,2,0.0,G0,9,9,1.368421053,0.313657559,0.313657559,0.0,0.0,0.0,8
204,G0,2,0.0,G0,10,10,0.828571429,-0.188052232,-0.188052232,0.0,0.0,0.0,9
205,G0,2,0.0,G0,10,10,2.333333333,0.84729786,0.84729786,0.0,0.0,0.0,9
206,G0,2,0.0,G0,10,10,0.3,-1.203972804,-1.203972804,0.0,0.0,0.0,9
207,G0,2,0.0,G0,10,10,0.288590604,-1.24274619,-1.24274619,0.0,0.0,0.0,9
208,G0,2,0.0,G0,10,10,0.315789474,-1.15267951,-1.15267951,0.0,0.0,0.0,9
209,G0,2,0.0,G0,10,10,0.587628866,-0.531659711,-0.531659711,0.0,0.0,0.0,9
210,G0,2,0.0,G0,11,11,1.010309278,0.0102565,0.0102565,0.0,0.0,0.0,10
212,G0,2,0.0,G0,11,11,0.48125,-0.731368393,-0.731368393,0.0,0.0,0.0,10
215,G0,2,0.0,G0,11,11,17.0,2.833213344,2.833213344,0.0,0.0,0.0,10
216,G0,2,0.0,G0,11,11,0.612903226,-0.489548225,-0.489548225,0.0,0.0,0.0,10
217,G0,2,0.0,G0,12,12,0.638554217,-0.448548694,-0.448548694,0.0,0.0,0.0,11
218,G0,2,0.0,G0,12,12,0.777777778,-0.251314428,-0.251314428,0.0,0.0,0.0,11
219,G0,2,0.0,G0,12,12,0.203389831,-1.592630794,-1.592630794,0.0,0.0,0.0,11
220,G0,2,0.0,G0,12,12,0.556338028,-0.586379205,-0.586379205,0.0,0.0,0.0,11
221,G0,2,0.0,G0,12,12,7.0,1.945910149,1.945910149,0.0,0.0,0.0,11
222,G0,2,0.0,G0,12,12,1.270833333,0.239672853,0.239672853,0.0,0.0,0.0,11
223,G0,2,0.0,G0,12,12,1.131578947,0.123613956,0.123613956,0.0,0.0,0.0,11
224,G0,2,0.0,G0,13,13,0.148148148,-1.909542505,-1.909542505,0.0,0.0,0.0,12
225,G0,2,0.0,G0,13,13,0.428571429,-0.84729786,-0.84729786,0.0,0.0,0.0,12
226,G0,2,0.0,G0,13,13,0.466666667,-0.762140052,-0.762140052,0.0,0.0,0.0,12
227,G0,2,0.0,G0,13,13,0.227272727,-1.481604541,-1.481604541,0.0,0.0,0.0,12
229,G0,2,0.0,G0,13,13,0.165803109,-1.796954286,-1.796954286,0.0,0.0,0.0,12
230,G0,2,0.0,G0,13,13,3.15,1.147402453,1.147402453,0.0,0.0,0.0,12
231,G0,2,0.0,G0,14,14,0.833333333,-0.182321557,-0.182321557,0.0,0.0,0.0,13
232,G0,2,0.0,G0,14,14,0.617647059,-0.481838087,-0.481838087,0.0,0.0,0.0,13
234,G0,2,0.0,G0,14,14,0.671497585,-0.39824486,-0.39824486,0.0,0.0,0.0,13
235,G0,2,0.0,G0,14,14,0.379310345,-0.969400557,-0.969400557,0.0,0.0,0.0,13
236,G0,2,0.0,G0,14,14,0.083333333,-2.48490665,-2.48490665,0.0,0.0,0.0,13
237,G0,2,0.0,G0,14,14,3.666666667,1.299282984,1.299282984,0.0,0.0,0.0,13
238,G0,2,0.0,G0,15,15,0.664233577,-0.409121419,-0.409121419,0.0,0.0,0.0,14
239,G0,2,0.0,G0,15,15,0.546099291,-0.604954469,-0.604954469,0.0,0.0,0.0,14
240,G0,2,0.0,G0,15,15,9.0,2.197224577,2.197224577,0.0,0.0,0.0,14
241,G0,2,0.0,G0,15,15,0.390070922,-0.941426705,-0.941426705,0.0,0.0,0.0,14
242,G0,2,0.0,G0,15,15,0.45,-0.798507696,-0.798507696,0.0,0.0,0.0,14
243,G0,2,0.0,G0,15,15,0.423076923,-0.860201265,-0.860201265,0.0,0.0,0.0,14
245,G0,2,0.0,G0,16,16,0.548780488,-0.600056757,-0.600056757,0.0,0.0,0.0,15
246,G0,2,0.0,G0,16,16,0.659574468,-0.416160397,-0.416160397,0.0,0.0,0.0,15
247,G0,2,0.0,G0,16,16,0.5,-0.693147181,-0.693147181,0.0,0.0,0.0,15
248,G0,2,0.0,G0,16,16,1.6,0.470003629,0.470003629,0.0,0.0,0.0,15
250,G0,2,0.0,G0,16,16,0.95412844,-0.046956983,-0.046956983,0.0,0.0,0.0,15
251,G0,2,0.0,G0,16,16,2.181818182,0.780158558,0.780158558,0.0,0.0,0.0,15
252,G0,2,0.0,G0,17,17,0.810126582,-0.210564769,-0.210564769,0.0,0.0,0.0,16
253,G0,2,0.0,G0,17,17,2.441176471,0.892480083,0.892480083,0.0,0.0,0.0,16
255,G0,2,0.0,G0,17,17,1.666666667,0.510825624,0.510825624,0.0,0.0,0.0,16
257,G0,2,0.0,G0,17,17,0.550458716,-0.59700332,-0.59700332,0.0,0.0,0.0,16
258,G0,2,0.0,G0,17,17,0.125,-2.079441542,-2.079441542,0.0,0.0,0.0,16
259,G0,2,0.0,G0,18,18,0.168224299,-1.782457077,-1.782457077,0.0,0.0,0.0,17
260,G0,2,0.0,G0,18,18,0.380952381,-0.965080896,-0.965080896,0.0,0.0,0.0,17
261,G0,2,0.0,G0,18,18,0.823529412,-0.194156014,-0.194156014,0.0,0.0,0.0,17
262,G0,2,0.0,G0,18,18,1.705882353,0.534082486,0.534082486,0.0,0.0,0.0,17
265,G0,2,0.0,G0,18,18,1.0,0.0,0.0,0.0,0.0,0.0,17
266,G0,2,0.0,G0,19,19,0.524590164,-0.645137961,-0.645137961,0.0,0.0,0.0,18
267,G0,2,0.0,G0,19,19,1.3,0.262364264,0.262364264,0.0,0.0,0.0,18
268,G0,2,0.0,G0,19,19,0.5078125,-0.677642994,-0.677642994,0.0,0.0,0.0,18
269,G0,2,0.0,G0,19,19,1.871794872,0.626897795,0.626897795,0.0,0.0,0.0,18
270,G0,2,0.0,G0,19,19,6.5,1.871802177,1.871802177,0.0,0.0,0.0,18
271,G0,2,0.0,G0,19,19,7.0,1.945910149,1.945910149,0.0,0.0,0.0,18
273,G0,2,0.0,G0,20,20,0.547008547,-0.603290851,-0.603290851,0.0,0.0,0.0,19
274,G0,2,0.0,G0,20,20,0.183486239,-1.695615609,-1.695615609,0.0,0.0,0.0,19
275,G0,2,0.0,G0,20,20,0.857142857,-0.15415068,-0.15415068,0.0,0.0,0.0,19
276,G0,2,0.0,G0,20,20,0.43,-0.84397007,-0.84397007,0.0,0.0,0.0,19
277,G0,2,0.0,G0,20,20,1.166666667,0.15415068,0.15415068,0.0,0.0,0.0,19
278,G0,2,0.0,G0,20,20,3.0,1.098612289,1.098612289,0.0,0.0,0.0,19
279,G0,2,0.0,G0,20,20,3.411764706,1.227229666,1.227229666,0.0,0.0,0.0,19
280,G0,3,0.0,G0,1,1,0.121212121,-2.1102132,-2.1102132,0.0,0.0,0.0,0
282,G0,3,0.0,G0,1,1,0.255434783,-1.364788156,-1.364788156,0.0,0.0,0.0,0
283,G0,3,0.0,G0,1,1,0.377659574,-0.973762086,-0.973762086,0.0,0.0,0.0,0
284,G0,3,0.0,G0,2,2,0.352941176,-1.041453875,-1.041453875,0.0,0.0,0.0,1
285,G0,3,0.0,G0,2,2,0.102803738,-2.274933562,-2.274933562,0.0,0.0,0.0,1
286,G0,3,0.0,G0,2,2,0.312056738,-1.164570256,-1.164570256,0.0,0.0,0.0,1
287,G0,3,0.0,G0,2,2,0.635416667,-0.453474327,-0.453474327,0.0,0.0,0.0,1
288,G0,3,0.0,G0,2,2,0.401197605,-0.913301193,-0.913301193,0.0,0.0,0.0,1
289,G0,3,0.0,G0,2,2,3.823529412,1.341173926,1.341173926,0.0,0.0,0.0,1
290,G0,3,0.0,G0,2,2,0.124183007,-2.085998942,-2.085998942,0.0,0.0,0.0,1
291,G0,3,0.0,G0,3,3,0.123762376,-2.089391873,-2.089391873,0.0,0.0,0.0,2
292,G0,3,0.0,G0,3,3,0.344827586,-1.064710737,-1.064710737,0.0,0.0,0.0,2
293,G0,3,0.0,G0,3,3,0.644444444,-0.43936666,-0.43936666,0.0,0.0,0.0,2
294,G0,3,0.0,G0,3,3,0.585526316,-0.535244151,-0.535244151,0.0,0.0,0.0,2
295,G0,3,0.0,G0,3,3,0.84,-0.174353387,-0.174353387,0.0,0.0,0.0,2
296,G0,3,0.0,G0,4,4,0.726027397,-0.320167528,-0.320167528,0.0,0.0,0.0,3
298,G0,3,0.0,G0,4,4,0.50877193,-0.675755438,-0.675755438,0.0,0.0,0.0,3
299,G0,3,0.0,G0,4,4,0.621848739,-0.4750584,-0.4750584,0.0,0.0,0.0,3
300,G0,3,0.0,G0,4,4,0.22826087,-1.477266139,-1.477266139,0.0,0.0,0.0,3
301,G0,3,0.0,G0,4,4,0.612903226,-0.489548225,-0.489548225,0.0,0.0,0.0,3
303,G0,3,0.0,G0,5,5,0.575163399,-0.553101107,-0.553101107,0.0,0.0,0.0,4
305,G0,3,0.0,G0,5,5,0.557971014,-0.583448263,-0.583448263,0.0,0.0,0.0,4
306,G0,3,0.0,G0,5,5,0.258741259,-1.351926718,-1.351926718,0.0,0.0,0.0,4
308,G0,3,0.0,G0,5,5,0.117346939,-2.142620443,-2.142620443,0.0,0.0,0.0,4
310,G0,3,0.0,G0,6,6,0.267605634,-1.318240898,-1.318240898,0.0,0.0,0.0,5
311,G0,3,0.0,G0,6,6,0.340206186,-1.078203417,-1.078203417,0.0,0.0,0.0,5
312,G0,3,0.0,G0,6,6,0.5625,-0.575364145,-0.575364145,0.0,0.0,0.0,5
313,G0,3,0.0,G0,6,6,0.558558559,-0.582395816,-0.582395816,0.0,0.0,0.0,5
314,G0,3,0.0,G0,6,6,0.384615385,-0.955511445,-0.955511445,0.0,0.0,0.0,5
315,G0,3,0.0,G0,6,6,0.231884058,-1.461517782,-1.461517782,0.0,0.0,0.0,5
317,G0,3,0.0,G0,7,7,0.337662338,-1.085708884,-1.085708884,0.0,0.0,0.0,6
318,G0,3,0.0,G0,7,7,0.186813187,-1.677646162,-1.677646162,0.0,0.0,0.0,6
319,G0,3,0.0,G0,7,7,0.143884892,-1.93874166,-1.93874166,0.0,0.0,0.0,6
320,G0,3,0.0,G0,7,7,0.144680851,-1.93322499,-1.93322499,0.0,0.0,0.0,6
321,G0,3,0.0,G0,7,7,0.195402299,-1.632694775,-1.632694775,0.0,0.0,0.0,6
322,G0,3,0.0,G0,8,8,0.262711864,-1.33669742,-1.33669742,0.0,0.0,0.0,7
323,G0,3,0.0,G0,8,8,0.34,-1.078809661,-1.078809661,0.0,0.0,0.0,7
324,G0,3,0.0,G0,8,8,0.651612903,-0.4283046,-0.4283046,0.0,0.0,0.0,7
325,G0,3,0.0,G0,8,8,0.290909091,-1.234744463,-1.234744463,0.0,0.0,0.0,7
326,G0,3,0.0,G0,8,8,0.247058824,-1.398128819,-1.398128819,0.0,0.0,0.0,7
327,G0,3,0.0,G0,8,8,0.245762712,-1.403388794,-1.403388794,0.0,0.0,0.0,7
329,G0,3,0.0,G0,9,9,0.64516129,-0.438254931,-0.438254931,0.0,0.0,0.0,8
330,G0,3,0.0,G0,9,9,0.447761194,-0.803495238,-0.803495238,0.0,0.0,0.0,8
331,G0,3,0.0,G0,9,9,0.15,-1.897119985,-1.897119985,0.0,0.0,0.0,8
333,G0,3,0.0,G0,9,9,0.603603604,-0.504837582,-0.504837582,0.0,0.0,0.0,8
335,G0,3,0.0,G0,10,10,0.735849057,-0.306730267,-0.306730267,0.0,0.0,0.0,9
336,G0,3,0.0,G0,10,10,2.465116279,0.902238978,0.902238978,0.0,0.0,0.0,9
337,G0,3,0.0,G0,10,10,0.591240876,-0.525531771,-0.525531771,0.0,0.0,0.0,9
338,G0,3,0.0,G0,10,10,2.4,0.875468737,0.875468737,0.0,0.0,0.0,9
340,G0,3,0.0,G0,11,11,0.636363636,-0.451985124,-0.451985124,0.0,0.0,0.0,10
341,G0,3,0.0,G0,11,11,0.435114504,-0.832146055,-0.832146055,0.0,0.0,0.0,10
342,G0,3,0.0,G0,11,11,0.479452055,-0.73511138,-0.73511138,0.0,0.0,0.0,10
343,G0,3,0.0,G0,11,11,0.625,-0.470003629,-0.470003629,0.0,0.0,0.0,10
345,G0,3,0.0,G0,12,12,0.68,-0.385662481,-0.385662481,0.0,0.0,0.0,11
347,G0,3,0.0,G0,12,12,0.193548387,-1.642227735,-1.642227735,0.0,0.0,0.0,11
348,G0,3,0.0,G0,12,12,0.446808511,-0.805625164,-0.805625164,0.0,0.0,0.0,11
349,G0,3,0.0,G0,12,12,0.370629371,-0.992552717,-0.992552717,0.0,0.0,0.0,11
350,G0,3,0.0,G0,13,13,0.298611111,-1.208613184,-1.208613184,0.0,0.0,0.0,12
352,G0,3,0.0,G0,13,13,1.338235294,0.291351801,0.291351801,0.0,0.0,0.0,12
353,G0,3,0.0,G0,13,13,0.162921348,-1.81448772,-1.81448772,0.0,0.0,0.0,12
355,G0,3,0.0,G0,14,14,0.641509434,-0.443931389,-0.443931389,0.0,0.0,0.0,13
356,G0,3,0.0,G0,14,14,0.307692308,-1.178654996,-1.178654996,0.0,0.0,0.0,13
357,G0,3,0.0,G0,14,14,0.081521739,-2.506885557,-2.506885557,0.0,0.0,0.0,13
358,G0,3,0.0,G0,14,14,0.236363636,-1.442383828,-1.442383828,0.0,0.0,0.0,13
360,G0,3,0.0,G0,15,15,0.71559633,-0.334639056,-0.334639056,0.0,0.0,0.0,14
361,G0,3,0.0,G0,15,15,0.564102564,-0.572519193,-0.572519193,0.0,0.0,0.0,14
362,G0,3,0.0,G0,15,15,0.274509804,-1.292768303,-1.292768303,0.0,0.0,0.0,14
363,G0,3,0.0,G0,15,15,0.5,-0.693147181,-0.693147181,0.0,0.0,0.0,14
364,G0,3,0.0,G0,15,15,0.342105263,-1.072636802,-1.072636802,0.0,0.0,0.0,14
365,G0,3,0.0,G0,16,16,0.166666667,-1.791759469,-1.791759469,0.0,0.0,0.0,15
367,G0,3,0.0,G0,16,16,0.479041916,-0.735967178,-0.735967178,0.0,0.0,0.0,15
368,G0,3,0.0,G0,16,16,0.366197183,-1.004583339,-1.004583339,0.0,0.0,0.0,15
369,G0,3,0.0,G0,16,16,0.188976378,-1.666133256,-1.666133256,0.0,0.0,0.0,15
370,G0,3,0.0,G0,17,17,0.265625,-1.325669739,-1.325669739,0.0,0.0,0.0,16
372,G0,3,0.0,G0,17,17,1.6,0.470003629,0.470003629,0.0,0.0,0.0,16
373,G0,3,0.0,G0,17,17,0.511450382,-0.670504704,-0.670504704,0.0,0.0,0.0,16
374,G0,3,0.0,G0,18,18,0.162436548,-1.817467826,-1.817467826,0.0,0.0,0.0,17
375,G0,3,0.0,G0,18,18,0.323699422,-1.127939904,-1.127939904,0.0,0.0,0.0,17
376,G0,3,0.0,G0,18,18,0.431578947,-0.840304825,-0.840304825,0.0,0.0,0.0,17
377,G0,3,0.0,G0,18,18,0.441558442,-0.817444897,-0.817444897,0.0,0.0,0.0,17
378,G0,3,0.0,G0,18,18,0.113636364,-2.174751721,-2.174751721,0.0,0.0,0.0,17
379,G0,3,0.0,G0,19,19,0.444444444,-0.810930216,-0.810930216,0.0,0.0,0.0,18
380,G0,3,0.0,G0,19,19,6.85,1.924248652,1.924248652,0.0,0.0,0.0,18
382,G0,3,0.0,G0,19,19,0.530769231,-0.633427946,-0.633427946,0.0,0.0,0.0,18
383,G0,3,0.0,G0,19,19,0.121546961,-2.107454578,-2.107454578,0.0,0.0,0.0,18
384,G0,3,0.0,G0,19,19,0.061111111,-2.795061578,-2.795061578,0.0,0.0,0.0,18
385,G0,3,0.0,G0,20,20,0.133004926,-2.017369113,-2.017369113,0.0,0.0,0.0,19
387,G0,3,0.0,G0,20,20,0.504424779,-0.684336551,-0.684336551,0.0,0.0,0.0,19
388,G0,3,0.0,G0,20,20,1.314814815,0.27369583,0.27369583,0.0,0.0,0.0,19
389,G0,3,0.0,G0,20,20,0.392307692,-0.935708818,-0.935708818,0.0,0.0,0.0,19
390,G0,3,0.0,G0,20,20,0.503597122,-0.685978691,-0.685978691,0.0,0.0,0.0,19
391,G0,3,0.0,G0,20,20,0.392857143,-0.934309237,-0.934309237,0.0,0.0,0.0,19
392,MA,1,,G150,400,400.0,1.931506849,0.658300449,0.658300449,36.0,,,20
393,MA,1,,G150,400,400.0,0.220883534,-1.510119711,-1.510119711,36.0,,,20
394,MA,1,,G150,400,400.0,0.287234043,-1.247457916,-1.247457916,36.0,,,20
395,MA,1,,G150,400,400.0,1.313043478,0.272347708,0.272347708,36.0,,,20
396,MA,1,,G150,400,400.0,1.032520325,0.032002731,0.032002731,36.0,,,20
397,MA,1,,G150,400,400.0,0.489583333,-0.71420059,-0.71420059,36.0,,,20
398,MA,1,,G150,401,401.0,0.43258427,-0.837978128,-0.837978128,33.0,,,21
399,MA,1,,G150,401,401.0,0.159292035,-1.837016061,-1.837016061,33.0,,,21
400,MA,1,,G150,401,401.0,0.234972678,-1.448286037,-1.448286037,33.0,,,21
401,MA,1,,G150,401,401.0,0.802816901,-0.219628609,-0.219628609,33.0,,,21
402,MA,1,,G150,401,401.0,0.305555556,-1.185623666,-1.185623666,33.0,,,21
403,MA,1,,G150,401,401.0,0.331210191,-1.105002087,-1.105002087,33.0,,,21
404,MA,1,,G150,401,401.0,0.185344828,-1.685537256,-1.685537256,33.0,,,21
405,MA,1,,G150,402,402.0,0.701298701,-0.354821375,-0.354821375,25.0,,,22
406,MA,1,,G150,402,402.0,0.053892216,-2.920769235,-2.920769235,25.0,,,22
407,MA,1,,G150,402,402.0,0.08677686,-2.444415288,-2.444415288,25.0,,,22
408,MA,1,,G150,402,402.0,0.333333333,-1.098612289,-1.098612289,25.0,,,22
409,MA,1,,G150,402,402.0,0.239130435,-1.430746124,-1.430746124,25.0,,,22
410,MA,1,,G150,402,402.0,1.166666667,0.15415068,0.15415068,25.0,,,22
411,MA,1,,G150,402,402.0,0.217391304,-1.526056303,-1.526056303,25.0,,,22
412,MA,1,,G150,403,403.0,0.065420561,-2.726918685,-2.726918685,40.0,,,23
413,MA,1,,G150,403,403.0,0.166666667,-1.791759469,-1.791759469,40.0,,,23
414,MA,1,,G150,403,403.0,1.109375,0.103796794,0.103796794,40.0,,,23
415,MA,1,,G150,404,404.0,0.539877301,-0.616413386,-0.616413386,22.0,,,24
416,MA,1,,G150,404,404.0,0.23655914,-1.44155704,-1.44155704,22.0,,,24
417,MA,1,,G150,404,404.0,0.578947368,-0.546543706,-0.546543706,22.0,,,24
418,MA,1,,G150,404,404.0,3.4,1.223775432,1.223775432,22.0,,,24
419,MA,1,,G150,404,404.0,0.242009132,-1.418779816,-1.418779816,22.0,,,24
420,MA,1,,G150,405,405.0,0.374100719,-0.983230215,-0.983230215,38.0,,,25
421,MA,1,,G150,405,405.0,0.393063584,-0.933783889,-0.933783889,38.0,,,25
422,MA,1,,G150,405,405.0,0.719298246,-0.329479201,-0.329479201,38.0,,,25
423,MA,1,,G150,405,405.0,0.34,-1.078809661,-1.078809661,38.0,,,25
424,MA,1,,G150,405,405.0,0.056910569,-2.866274206,-2.866274206,38.0,,,25
425,MA,1,,G150,405,405.0,0.14893617,-1.904237453,-1.904237453,38.0,,,25
426,MA,1,,G150,406,406.0,1.043478261,0.042559614,0.042559614,27.0,,,26
427,MA,1,,G150,406,406.0,0.156779661,-1.852913892,-1.852913892,27.0,,,26
428,MA,1,,G150,406,406.0,1.248,0.22154227,0.22154227,27.0,,,26
429,MA,1,,G150,406,406.0,0.328703704,-1.112598531,-1.112598531,27.0,,,26
430,MA,1,,G150,406,406.0,0.277173913,-1.283110125,-1.283110125,27.0,,,26
431,MA,1,,G150,406,406.0,0.601092896,-0.509005787,-0.509005787,27.0,,,26
432,MA,1,,G150,407,407.0,0.0546875,-2.906120115,-2.906120115,38.0,,,27
433,MA,1,,G150,407,407.0,0.266272189,-1.323236225,-1.323236225,38.0,,,27
434,MA,1,,G150,408,408.0,0.805825243,-0.21588838,-0.21588838,18.0,,,28
435,MA,1,,G150,408,408.0,0.181818182,-1.704748092,-1.704748092,18.0,,,28
436,MA,1,,G150,408,408.0,1.279569892,0.246524,0.246524,18.0,,,28
437,MA,1,,G150,408,408.0,1.051470588,0.050189745,0.050189745,18.0,,,28
438,MA,1,,G150,408,408.0,0.395833333,-0.926762032,-0.926762032,18.0,,,28
439,MA,1,,G150,408,408.0,0.537634409,-0.620576488,-0.620576488,18.0,,,28
440,MA,1,,G150,408,408.0,0.199004975,-1.614425454,-1.614425454,18.0,,,28
441,MA,1,,G150,410,410.0,0.318435754,-1.144334538,-1.144334538,29.0,,,29
442,MA,1,,G150,410,410.0,0.81512605,-0.204412515,-0.204412515,29.0,,,29
443,MA,1,,G150,410,410.0,0.351758794,-1.044809583,-1.044809583,29.0,,,29
444,MA,1,,G150,410,410.0,0.613924051,-0.487884055,-0.487884055,29.0,,,29
445,MA,1,,G150,410,410.0,6.842105263,1.923095471,1.923095471,29.0,,,29
446,MA,1,,G150,411,411.0,10.0625,2.308815643,2.308815643,24.0,,,30
447,MA,1,,G150,411,411.0,0.131274131,-2.030467537,-2.030467537,24.0,,,30
448,MA,1,,G150,411,411.0,0.470588235,-0.753771802,-0.753771802,24.0,,,30
449,MA,1,,G150,411,411.0,1.303921569,0.265376315,0.265376315,24.0,,,30
450,MA,1,,G150,411,411.0,0.534883721,-0.6257059,-0.6257059,24.0,,,30
451,MA,1,,G150,411,411.0,8.409090909,2.129313372,2.129313372,24.0,,,30
452,MA,1,,G150,411,411.0,0.081218274,-2.510615006,-2.510615006,24.0,,,30
453,MA,1,,G150,412,412.0,0.264248705,-1.330864556,-1.330864556,28.0,,,31
454,MA,1,,G150,412,412.0,0.733333333,-0.310154928,-0.310154928,28.0,,,31
455,MA,1,,G150,412,412.0,0.3359375,-1.090830148,-1.090830148,28.0,,,31
456,MA,1,,G150,412,412.0,1.980392157,0.683294884,0.683294884,28.0,,,31
457,MA,1,,G150,412,412.0,0.69047619,-0.370373788,-0.370373788,28.0,,,31
458,MA,1,,G150,412,412.0,0.507462687,-0.678332095,-0.678332095,28.0,,,31
459,MA,1,,G150,412,412.0,0.419354839,-0.869037847,-0.869037847,28.0,,,31
460,MA,1,,G150,413,413.0,0.372413793,-0.987749696,-0.987749696,37.0,,,32
461,MA,1,,G150,413,413.0,0.5,-0.693147181,-0.693147181,37.0,,,32
462,MA,1,,G150,413,413.0,0.237837838,-1.436166191,-1.436166191,37.0,,,32
463,MA,1,,G150,413,413.0,0.15503876,-1.864080131,-1.864080131,37.0,,,32
464,MA,1,,G150,413,413.0,0.697183099,-0.360707207,-0.360707207,37.0,,,32
465,MA,1,,G150,413,413.0,0.273224044,-1.297463147,-1.297463147,37.0,,,32
466,MA,1,,G150,414,414.0,0.604938272,-0.502628857,-0.502628857,35.0,,,33
467,MA,1,,G150,414,414.0,0.23255814,-1.458615023,-1.458615023,35.0,,,33
468,MA,1,,G150,414,414.0,0.338129496,-1.084326331,-1.084326331,35.0,,,33
469,MA,1,,G150,414,414.0,0.90625,-0.098440073,-0.098440073,35.0,,,33
470,MA,1,,G150,414,414.0,0.311111111,-1.16760516,-1.16760516,35.0,,,33
471,MA,1,,G150,414,414.0,0.176470588,-1.734601055,-1.734601055,35.0,,,33
472,MA,1,,G150,414,414.0,0.413793103,-0.88238918,-0.88238918,35.0,,,33
473,MA,1,,G150,415,415.0,0.412371134,-0.885831524,-0.885831524,29.0,,,34
474,MA,1,,G150,415,415.0,0.630057803,-0.461943712,-0.461943712,29.0,,,34
475,MA,1,,G150,415,415.0,1.029850746,0.029413885,0.029413885,29.0,,,34
476,MA,1,,G150,415,415.0,0.934782609,-0.067441281,-0.067441281,29.0,,,34
477,MA,1,,G150,415,415.0,0.420689655,-0.865859878,-0.865859878,29.0,,,34
478,MA,1,,G150,415,415.0,0.832,-0.183922838,-0.183922838,29.0,,,34
479,MA,1,,G150,415,415.0,0.333333333,-1.098612289,-1.098612289,29.0,,,34
480,MA,1,,G150,417,417.0,0.271084337,-1.305325299,-1.305325299,33.0,,,35
481,MA,1,,G150,417,417.0,1.096296296,0.091937495,0.091937495,33.0,,,35
482,MA,1,,G150,417,417.0,0.921052632,-0.082238098,-0.082238098,33.0,,,35
483,MA,1,,G150,417,417.0,0.858024691,-0.153122402,-0.153122402,33.0,,,35
484,MA,1,,G150,417,417.0,0.23364486,-1.45395301,-1.45395301,33.0,,,35
485,MA,1,,G150,417,417.0,0.516556291,-0.66057101,-0.66057101,33.0,,,35
486,MA,1,,G150,417,417.0,0.253968254,-1.370546004,-1.370546004,33.0,,,35
487,MA,1,,G150,418,418.0,0.520325203,-0.653301272,-0.653301272,34.0,,,36
488,MA,1,,G150,418,418.0,0.587912088,-0.531177853,-0.531177853,34.0,,,36
489,MA,1,,G150,418,418.0,0.247191011,-1.397593916,-1.397593916,34.0,,,36
490,MA,1,,G150,418,418.0,0.576923077,-0.550046337,-0.550046337,34.0,,,36
491,MA,1,,G150,418,418.0,0.1953125,-1.633154439,-1.633154439,34.0,,,36
492,MA,1,,G150,419,419.0,0.824324324,-0.193191229,-0.193191229,32.0,,,37
493,MA,1,,G150,419,419.0,0.103703704,-2.266217449,-2.266217449,32.0,,,37
494,MA,1,,G150,419,419.0,2.754385965,1.013194538,1.013194538,32.0,,,37
495,MA,1,,G150,419,419.0,0.472527473,-0.749659391,-0.749659391,32.0,,,37
496,MA,1,,G150,419,419.0,0.236263736,-1.442806571,-1.442806571,32.0,,,37
497,MA,1,,G150,419,419.0,0.174311927,-1.746908903,-1.746908903,32.0,,,37
498,MA,1,,G150,419,419.0,0.834254144,-0.181217194,-0.181217194,32.0,,,37
499,MA,1,,G150,420,420.0,0.4125,-0.885519073,-0.885519073,38.0,,,38
500,MA,1,,G150,420,420.0,0.53125,-0.632522559,-0.632522559,38.0,,,38
501,MA,1,,G150,420,420.0,2.28125,0.824723538,0.824723538,38.0,,,38
502,MA,1,,G150,420,420.0,0.952755906,-0.048396541,-0.048396541,38.0,,,38
503,MA,1,,G150,420,420.0,0.390410959,-0.940555354,-0.940555354,38.0,,,38
504,MA,1,,G150,420,420.0,2.909090909,1.06784063,1.06784063,38.0,,,38
505,MA,1,,G150,420,420.0,0.742105263,-0.298264182,-0.298264182,38.0,,,38
506,MA,1,,G150,421,421.0,1.823529412,0.60077386,0.60077386,13.0,,,39
507,MA,1,,G150,421,421.0,0.586466165,-0.533640302,-0.533640302,13.0,,,39
508,MA,1,,G150,421,421.0,0.35046729,-1.048487901,-1.048487901,13.0,,,39
509,MA,1,,G150,421,421.0,0.78343949,-0.24406145,-0.24406145,13.0,,,39
510,MA,1,,G150,421,421.0,0.57037037,-0.561469357,-0.561469357,13.0,,,39
511,MA,1,,G150,421,421.0,0.18503937,-1.687186665,-1.687186665,13.0,,,39
512,MA,1,,G150,421,421.0,1.826086957,0.602175402,0.602175402,13.0,,,39
513,MA,1,,G150,422,422.0,0.830508475,-0.185717146,-0.185717146,30.0,,,40
514,MA,1,,G150,422,422.0,0.352040816,-1.044008155,-1.044008155,30.0,,,40
515,MA,1,,G150,422,422.0,1.081761006,0.078590275,0.078590275,30.0,,,40
516,MA,1,,G150,422,422.0,1.141414141,0.132267969,0.132267969,30.0,,,40
517,MA,1,,G150,422,422.0,0.183206107,-1.697143493,-1.697143493,30.0,,,40
518,MA,1,,G150,422,422.0,0.788888889,-0.237129793,-0.237129793,30.0,,,40
519,MA,1,,G150,423,423.0,0.182291667,-1.702147311,-1.702147311,28.0,,,41
520,MA,1,,G150,423,423.0,0.308411215,-1.176321273,-1.176321273,28.0,,,41
521,MA,1,,G150,423,423.0,0.447552448,-0.803961547,-0.803961547,28.0,,,41
522,MA,1,,G150,423,423.0,1.346153846,0.297251523,0.297251523,28.0,,,41
523,MA,1,,G150,423,423.0,0.152866242,-1.878191975,-1.878191975,28.0,,,41
524,MA,1,,G150,423,423.0,0.846153846,-0.167054085,-0.167054085,28.0,,,41
525,MA,1,,G150,423,423.0,0.694444444,-0.364643114,-0.364643114,28.0,,,41
526,MA,1,,G150,424,424.0,0.266932271,-1.32076032,-1.32076032,30.0,,,42
527,MA,1,,G150,424,424.0,0.56937799,-0.563210759,-0.563210759,30.0,,,42
528,MA,1,,G150,424,424.0,0.304347826,-1.189584067,-1.189584067,30.0,,,42
529,MA,1,,G150,424,424.0,0.504761905,-0.683668437,-0.683668437,30.0,,,42
530,MA,1,,G150,424,424.0,0.5546875,-0.589350387,-0.589350387,30.0,,,42
531,MA,1,,G150,424,424.0,0.5,-0.693147181,-0.693147181,30.0,,,42
532,MA,1,,G150,424,424.0,0.666666667,-0.405465108,-0.405465108,30.0,,,42
533,MA,1,,G150,425,425.0,0.23255814,-1.458615023,-1.458615023,33.0,,,43
534,MA,1,,G150,425,425.0,0.201970443,-1.599633912,-1.599633912,33.0,,,43
535,MA,1,,G150,425,425.0,0.057471264,-2.856470206,-2.856470206,33.0,,,43
536,MA,1,,G150,425,425.0,0.178082192,-1.725510084,-1.725510084,33.0,,,43
537,MA,1,,G150,427,427.0,0.459330144,-0.77798606,-0.77798606,27.0,,,44
538,MA,1,,G150,427,427.0,0.64573991,-0.437358472,-0.437358472,27.0,,,44
539,MA,1,,G150,427,427.0,1.0,0.0,0.0,27.0,,,44
540,MA,1,,G150,427,427.0,0.246478873,-1.400478996,-1.400478996,27.0,,,44
541,MA,1,,G150,427,427.0,0.221649485,-1.506658043,-1.506658043,27.0,,,44
542,MA,1,,G150,427,427.0,0.379679144,-0.96842874,-0.96842874,27.0,,,44
543,MA,1,,G150,428,428.0,0.219409283,-1.516816423,-1.516816423,24.0,,,45
544,MA,1,,G150,428,428.0,0.395555556,-0.927464032,-0.927464032,24.0,,,45
545,MA,1,,G150,428,428.0,0.50802139,-0.677231725,-0.677231725,24.0,,,45
546,MA,1,,G150,428,428.0,1.330508475,0.285561181,0.285561181,24.0,,,45
547,MA,1,,G150,428,428.0,0.482758621,-0.7282385,-0.7282385,24.0,,,45
548,MA,1,,G150,428,428.0,0.669491525,-0.401236772,-0.401236772,24.0,,,45
549,MA,1,,G150,428,428.0,0.5,-0.693147181,-0.693147181,24.0,,,45
550,MA,1,,G150,429,429.0,0.153846154,-1.871802177,-1.871802177,33.0,,,46
551,MA,1,,G150,430,430.0,0.351485149,-1.04558782,-1.04558782,33.0,,,47
552,MA,1,,G150,430,430.0,8.909090909,2.187072206,2.187072206,33.0,,,47
553,MA,1,,G150,430,430.0,0.462809917,-0.770438855,-0.770438855,33.0,,,47
554,MA,1,,G150,430,430.0,0.436241611,-0.829559036,-0.829559036,33.0,,,47
555,MA,1,,G150,430,430.0,0.412322275,-0.885950015,-0.885950015,33.0,,,47
556,MA,1,,G150,431,431.0,0.852348993,-0.159759219,-0.159759219,28.0,,,48
557,MA,1,,G150,431,431.0,0.268571429,-1.314638372,-1.314638372,28.0,,,48
558,MA,1,,G150,431,431.0,1.233009709,0.209458098,0.209458098,28.0,,,48
559,MA,1,,G150,431,431.0,0.450867052,-0.796582768,-0.796582768,28.0,,,48
560,MA,1,,G150,431,431.0,0.219251337,-1.51753655,-1.51753655,28.0,,,48
561,MA,1,,G150,431,431.0,0.467065868,-0.761284986,-0.761284986,28.0,,,48
562,MA,1,,G150,432,432.0,0.057971014,-2.847812143,-2.847812143,26.0,,,49
563,MA,1,,G150,433,433.0,0.734042553,-0.309188278,-0.309188278,25.0,,,50
564,MA,1,,G150,433,433.0,0.731843575,-0.312188483,-0.312188483,25.0,,,50
565,MA,1,,G150,433,433.0,0.806930693,-0.214517497,-0.214517497,25.0,,,50
566,MA,1,,G150,433,433.0,0.144981413,-1.931149733,-1.931149733,25.0,,,50
567,MA,1,,G150,433,433.0,0.921348315,-0.081917122,-0.081917122,25.0,,,50
568,MA,1,,G150,433,433.0,1.261538462,0.232331977,0.232331977,25.0,,,50
569,MA,1,,G150,433,433.0,0.971962617,-0.028437935,-0.028437935,25.0,,,50
570,MA,1,,G150,436,436.0,0.503496503,-0.686178511,-0.686178511,31.0,,,51
571,MA,1,,G150,436,436.0,0.709677419,-0.342944751,-0.342944751,31.0,,,51
572,MA,1,,G150,436,436.0,0.52173913,-0.650587566,-0.650587566,31.0,,,51
573,MA,1,,G150,436,436.0,0.371069182,-0.991366758,-0.991366758,31.0,,,51
574,MA,1,,G150,436,436.0,0.488372093,-0.716677678,-0.716677678,31.0,,,51
575,MA,1,,G150,436,436.0,4.642857143,1.53532994,1.53532994,31.0,,,51
576,MA,1,,G150,436,436.0,0.565789474,-0.569533225,-0.569533225,31.0,,,51
577,MA,1,,G150,437,437.0,0.254545455,-1.368275856,-1.368275856,48.0,,,52
578,MA,1,,G150,437,437.0,12.38888889,2.516800014,2.516800014,48.0,,,52
579,MA,1,,G150,437,437.0,0.150684932,-1.892564168,-1.892564168,48.0,,,52
580,MA,1,,G150,437,437.0,0.797297297,-0.226527649,-0.226527649,48.0,,,52
581,MA,1,,G150,437,437.0,0.213114754,-1.545924507,-1.545924507,48.0,,,52
582,MA,1,,G150,437,437.0,0.44375,-0.812493938,-0.812493938,48.0,,,52
583,MA,1,,G150,437,437.0,0.348258706,-1.054809666,-1.054809666,48.0,,,52
584,MA,1,,G150,438,438.0,0.148148148,-1.909542505,-1.909542505,34.0,,,53
585,MA,1,,G150,438,438.0,4.127659574,1.417710557,1.417710557,34.0,,,53
586,MA,1,,G150,438,438.0,0.402684564,-0.909601744,-0.909601744,34.0,,,53
587,MA,1,,G150,438,438.0,0.453416149,-0.790944924,-0.790944924,34.0,,,53
588,MA,1,,G150,438,438.0,0.367346939,-1.00144854,-1.00144854,34.0,,,53
589,MA,1,,G150,438,438.0,0.244186047,-1.409824859,-1.409824859,34.0,,,53
590,MA,1,,G150,438,438.0,0.450867052,-0.796582768,-0.796582768,34.0,,,53
591,MA,1,,G150,439,439.0,0.445255474,-0.809107062,-0.809107062,27.0,,,54
592,MA,1,,G150,439,439.0,0.742424242,-0.297834444,-0.297834444,27.0,,,54
593,MA,1,,G150,440,440.0,0.577777778,-0.548565952,-0.548565952,35.0,,,55
594,MA,1,,G150,440,440.0,1.876923077,0.629633775,0.629633775,35.0,,,55
595,MA,1,,G150,440,440.0,0.669291339,-0.40153583,-0.40153583,35.0,,,55
596,MA,1,,G150,440,440.0,0.755555556,-0.280301965,-0.280301965,35.0,,,55
597,MA,1,,G150,440,440.0,0.309090909,-1.174119841,-1.174119841,35.0,,,55
598,MA,1,,G150,440,440.0,0.395061728,-0.928713252,-0.928713252,35.0,,,55
599,MA,1,,G150,441,441.0,1.03125,0.030771659,0.030771659,31.0,,,56
600,MA,1,,G150,441,441.0,0.624203822,-0.471278327,-0.471278327,31.0,,,56
601,MA,1,,G150,441,441.0,7.565217391,2.023561083,2.023561083,31.0,,,56
602,MA,1,,G150,441,441.0,0.406666667,-0.89976143,-0.89976143,31.0,,,56
603,MA,1,,G150,441,441.0,0.648275862,-0.43343896,-0.43343896,31.0,,,56
604,MA,1,,G150,441,441.0,1.072072072,0.069593292,0.069593292,31.0,,,56
605,MA,1,,G150,441,441.0,0.08839779,-2.425908309,-2.425908309,31.0,,,56
606,MA,1,,G150,442,442.0,0.17,-1.771956842,-1.771956842,29.0,,,57
607,MA,1,,G150,442,442.0,0.507462687,-0.678332095,-0.678332095,29.0,,,57
608,MA,1,,G150,442,442.0,0.35862069,-1.025490024,-1.025490024,29.0,,,57
609,MA,1,,G150,442,442.0,0.529801325,-0.635253202,-0.635253202,29.0,,,57
610,MA,1,,G150,442,442.0,0.73381295,-0.30950112,-0.30950112,29.0,,,57
611,MA,1,,G150,442,442.0,0.663793103,-0.409784769,-0.409784769,29.0,,,57
612,MA,1,,G150,442,442.0,0.476190476,-0.741937345,-0.741937345,29.0,,,57
613,MA,1,,G150,443,443.0,0.390804598,-0.939547594,-0.939547594,44.0,,,58
614,MA,1,,G150,443,443.0,0.422018349,-0.862706486,-0.862706486,44.0,,,58
615,MA,1,,G150,443,443.0,3.264150943,1.182999681,1.182999681,44.0,,,58
616,MA,1,,G150,443,443.0,0.611570248,-0.491725452,-0.491725452,44.0,,,58
617,MA,1,,G150,443,443.0,1.13592233,0.127444947,0.127444947,44.0,,,58
618,MA,1,,G150,443,443.0,0.084577114,-2.470091564,-2.470091564,44.0,,,58
619,MA,1,,G150,443,443.0,0.691666667,-0.368651135,-0.368651135,44.0,,,58
620,MA,1,,G150,444,444.0,0.64028777,-0.445837563,-0.445837563,32.0,,,59
621,MA,1,,G150,444,444.0,0.613924051,-0.487884055,-0.487884055,32.0,,,59
622,MA,1,,G150,444,444.0,0.705479452,-0.348877633,-0.348877633,32.0,,,59
623,MA,1,,G150,444,444.0,0.551181102,-0.595691844,-0.595691844,32.0,,,59
624,MA,1,,G150,444,444.0,0.460465116,-0.775518178,-0.775518178,32.0,,,59
625,MA,1,,G150,444,444.0,0.678832117,-0.387381433,-0.387381433,32.0,,,59
626,MA,1,,G150,444,444.0,0.306748466,-1.181727195,-1.181727195,32.0,,,59
627,MA,1,,G150,445,445.0,1.594594595,0.466619531,0.466619531,43.0,,,60
628,MA,1,,G150,445,445.0,0.542253521,-0.612021636,-0.612021636,43.0,,,60
629,MA,1,,G150,445,445.0,0.12568306,-2.073991937,-2.073991937,43.0,,,60
630,MA,1,,G150,445,445.0,0.371621622,-0.989879089,-0.989879089,43.0,,,60
631,MA,1,,G150,445,445.0,0.25,-1.386294361,-1.386294361,43.0,,,60
632,MA,1,,G150,445,445.0,1.171171171,0.158004249,0.158004249,43.0,,,60
633,MA,1,,G150,446,446.0,0.474820144,-0.744819191,-0.744819191,4.0,,,61
634,MA,1,,G150,446,446.0,0.505952381,-0.681312723,-0.681312723,4.0,,,61
635,MA,1,,G150,446,446.0,0.275132275,-1.290503296,-1.290503296,4.0,,,61
636,MA,1,,G150,446,446.0,0.608,-0.497580397,-0.497580397,4.0,,,61
637,MA,1,,G150,446,446.0,0.612676056,-0.489918939,-0.489918939,4.0,,,61
638,MA,1,,G150,446,446.0,0.695652174,-0.362905494,-0.362905494,4.0,,,61
639,MA,1,,G150,446,446.0,0.396103896,-0.926078738,-0.926078738,4.0,,,61
640,MA,1,,G150,447,447.0,0.073863636,-2.605534638,-2.605534638,39.0,,,62
641,MA,1,,G150,447,447.0,0.059360731,-2.824122372,-2.824122372,39.0,,,62
642,MA,1,,G150,447,447.0,0.053278689,-2.932218868,-2.932218868,39.0,,,62
643,MA,1,,G150,447,447.0,0.089285714,-2.415913778,-2.415913778,39.0,,,62
644,MA,1,,G150,448,448.0,0.241935484,-1.419084184,-1.419084184,29.0,,,63
645,MA,1,,G150,448,448.0,0.458333333,-0.780158558,-0.780158558,29.0,,,63
646,MA,1,,G150,448,448.0,2.442622951,0.893072442,0.893072442,29.0,,,63
647,MA,1,,G150,448,448.0,0.444444444,-0.810930216,-0.810930216,29.0,,,63
648,MA,1,,G150,448,448.0,11.4,2.433613355,2.433613355,29.0,,,63
649,MA,2,,G300,400,400.1,0.5,-0.693147181,-0.693147181,36.0,45.0,82.0,64
650,MA,2,,G300,400,400.1,0.170731707,-1.767661918,-1.767661918,36.0,45.0,82.0,64
651,MA,2,,G300,400,400.1,0.168918919,-1.778336449,-1.778336449,36.0,45.0,82.0,64
652,MA,2,,G300,400,400.1,0.473684211,-0.747214402,-0.747214402,36.0,45.0,82.0,64
653,MA,2,,G300,400,400.1,0.305785124,-1.184872633,-1.184872633,36.0,45.0,82.0,64
654,MA,2,,G300,400,400.1,0.296296296,-1.216395324,-1.216395324,36.0,45.0,82.0,64
655,MA,2,,G300,400,400.1,0.866666667,-0.143100844,-0.143100844,36.0,45.0,82.0,64
656,MA,2,,G300,401,401.1,2.0,0.693147181,0.693147181,33.0,36.0,69.0,65
657,MA,2,,G300,401,401.1,0.947368421,-0.054067221,-0.054067221,33.0,36.0,69.0,65
658,MA,2,,G300,401,401.1,0.3,-1.203972804,-1.203972804,33.0,36.0,69.0,65
659,MA,2,,G300,401,401.1,1.333333333,0.287682072,0.287682072,33.0,36.0,69.0,65
660,MA,2,,G300,402,402.1,0.495145631,-0.702903356,-0.702903356,25.0,31.0,56.0,66
661,MA,2,,G300,402,402.1,2.166666667,0.773189888,0.773189888,25.0,31.0,56.0,66
662,MA,2,,G300,402,402.1,0.5,-0.693147181,-0.693147181,25.0,31.0,56.0,66
663,MA,2,,G300,402,402.1,0.438596491,-0.824175443,-0.824175443,25.0,31.0,56.0,66
664,MA,2,,G300,402,402.1,0.3,-1.203972804,-1.203972804,25.0,31.0,56.0,66
665,MA,2,,G300,403,403.1,0.303571429,-1.192138347,-1.192138347,40.0,48.0,88.0,67
666,MA,2,,G300,403,403.1,0.558441558,-0.582605306,-0.582605306,40.0,48.0,88.0,67
667,MA,2,,G300,403,403.1,0.62195122,-0.474893615,-0.474893615,40.0,48.0,88.0,67
668,MA,2,,G300,403,403.1,0.636363636,-0.451985124,-0.451985124,40.0,48.0,88.0,67
669,MA,2,,G300,403,403.1,0.385245902,-0.953873443,-0.953873443,40.0,48.0,88.0,67
670,MA,2,,G300,403,403.1,0.62804878,-0.46513744,-0.46513744,40.0,48.0,88.0,67
671,MA,2,,G300,404,404.1,0.132075472,-2.024381764,-2.024381764,22.0,38.0,60.0,68
672,MA,2,,G300,404,404.1,0.76,-0.274436846,-0.274436846,22.0,38.0,60.0,68
673,MA,2,,G300,404,404.1,0.073170732,-2.614959778,-2.614959778,22.0,38.0,60.0,68
674,MA,2,,G300,404,404.1,7.588235294,2.02659906,2.02659906,22.0,38.0,60.0,68
675,MA,2,,G300,405,405.1,0.154471545,-1.867745376,-1.867745376,38.0,57.0,95.0,69
676,MA,2,,G300,405,405.1,0.117647059,-2.140066163,-2.140066163,38.0,57.0,95.0,69
677,MA,2,,G300,405,405.1,0.071428571,-2.63905733,-2.63905733,38.0,57.0,95.0,69
678,MA,2,,G300,406,406.1,0.192307692,-1.648658626,-1.648658626,27.0,38.0,65.0,70
679,MA,2,,G300,406,406.1,0.516483516,-0.660711905,-0.660711905,27.0,38.0,65.0,70
680,MA,2,,G300,406,406.1,0.070175439,-2.656756907,-2.656756907,27.0,38.0,65.0,70
681,MA,2,,G300,406,406.1,0.27972028,-1.273965176,-1.273965176,27.0,38.0,65.0,70
682,MA,2,,G300,406,406.1,0.52238806,-0.649344558,-0.649344558,27.0,38.0,65.0,70
683,MA,2,,G300,406,406.1,0.285714286,-1.252762968,-1.252762968,27.0,38.0,65.0,70
684,MA,2,,G300,406,406.1,0.407407407,-0.897941593,-0.897941593,27.0,38.0,65.0,70
685,MA,2,,G300,407,407.1,0.082417582,-2.495956486,-2.495956486,38.0,31.0,69.0,71
686,MA,2,,G300,407,407.1,0.096491228,-2.338303176,-2.338303176,38.0,31.0,69.0,71
687,MA,2,,G300,407,407.1,0.209302326,-1.563975538,-1.563975538,38.0,31.0,69.0,71
688,MA,2,,G300,407,407.1,1.8,0.587786665,0.587786665,38.0,31.0,69.0,71
689,MA,2,,G300,407,407.1,0.064516129,-2.740840024,-2.740840024,38.0,31.0,69.0,71
690,MA,2,,G300,407,407.1,0.125,-2.079441542,-2.079441542,38.0,31.0,69.0,71
691,MA,2,,G300,407,407.1,0.356521739,-1.031360062,-1.031360062,38.0,31.0,69.0,71
692,MA,2,,G300,408,408.1,0.147058824,-1.916922612,-1.916922612,18.0,32.0,50.0,72
693,MA,2,,G300,408,408.1,0.5,-0.693147181,-0.693147181,18.0,32.0,50.0,72
694,MA,2,,G300,408,408.1,0.384615385,-0.955511445,-0.955511445,18.0,32.0,50.0,72
695,MA,2,,G300,408,408.1,0.333333333,-1.098612289,-1.098612289,18.0,32.0,50.0,72
696,MA,2,,G300,408,408.1,0.560606061,-0.578736829,-0.578736829,18.0,32.0,50.0,72
697,MA,2,,G300,408,408.1,2.555555556,0.938269639,0.938269639,18.0,32.0,50.0,72
698,MA,2,,G300,408,408.1,1.766666667,0.569094532,0.569094532,18.0,32.0,50.0,72
699,MA,2,,G300,410,410.1,3.25,1.178654996,1.178654996,29.0,37.0,66.0,73
700,MA,2,,G300,410,410.1,1.559322034,0.444251133,0.444251133,29.0,37.0,66.0,73
701,MA,2,,G300,410,410.1,0.404145078,-0.905981362,-0.905981362,29.0,37.0,66.0,73
702,MA,2,,G300,410,410.1,0.26056338,-1.344909145,-1.344909145,29.0,37.0,66.0,73
703,MA,2,,G300,410,410.1,0.691056911,-0.369533099,-0.369533099,29.0,37.0,66.0,73
704,MA,2,,G300,410,410.1,0.206185567,-1.578978705,-1.578978705,29.0,37.0,66.0,73
705,MA,2,,G300,411,411.1,1.262295082,0.232931558,0.232931558,24.0,48.0,72.0,74
706,MA,2,,G300,411,411.1,0.481481481,-0.730887509,-0.730887509,24.0,48.0,72.0,74
707,MA,2,,G300,411,411.1,0.441747573,-0.817016662,-0.817016662,24.0,48.0,72.0,74
708,MA,2,,G300,411,411.1,0.60952381,-0.495077267,-0.495077267,24.0,48.0,72.0,74
709,MA,2,,G300,411,411.1,1.5,0.405465108,0.405465108,24.0,48.0,72.0,74
710,MA,2,,G300,411,411.1,0.590909091,-0.526093096,-0.526093096,24.0,48.0,72.0,74
711,MA,2,,G300,411,411.1,6.888888889,1.929909808,1.929909808,24.0,48.0,72.0,74
712,MA,2,,G300,412,412.1,0.2,-1.609437912,-1.609437912,28.0,37.0,65.0,75
713,MA,2,,G300,412,412.1,0.451612903,-0.794929875,-0.794929875,28.0,37.0,65.0,75
714,MA,2,,G300,412,412.1,2.166666667,0.773189888,0.773189888,28.0,37.0,65.0,75
715,MA,2,,G300,412,412.1,0.625,-0.470003629,-0.470003629,28.0,37.0,65.0,75
716,MA,2,,G300,412,412.1,2.833333333,1.041453875,1.041453875,28.0,37.0,65.0,75
717,MA,2,,G300,413,413.1,2.071428571,0.7282385,0.7282385,37.0,34.0,71.0,76
718,MA,2,,G300,413,413.1,0.55952381,-0.580669197,-0.580669197,37.0,34.0,71.0,76
719,MA,2,,G300,413,413.1,0.958333333,-0.042559614,-0.042559614,37.0,34.0,71.0,76
720,MA,2,,G300,413,413.1,0.396226415,-0.925769476,-0.925769476,37.0,34.0,71.0,76
721,MA,2,,G300,413,413.1,0.519230769,-0.655406853,-0.655406853,37.0,34.0,71.0,76
722,MA,2,,G300,413,413.1,0.461538462,-0.773189888,-0.773189888,37.0,34.0,71.0,76
723,MA,2,,G300,414,414.1,1.142857143,0.133531393,0.133531393,35.0,38.0,73.0,77
724,MA,2,,G300,414,414.1,0.505263158,-0.682675881,-0.682675881,35.0,38.0,73.0,77
725,MA,2,,G300,414,414.1,0.96875,-0.031748698,-0.031748698,35.0,38.0,73.0,77
726,MA,2,,G300,414,414.1,0.322580645,-1.131402111,-1.131402111,35.0,38.0,73.0,77
727,MA,2,,G300,414,414.1,1.152173913,0.141650517,0.141650517,35.0,38.0,73.0,77
728,MA,2,,G300,414,414.1,0.379562044,-0.968737207,-0.968737207,35.0,38.0,73.0,77
729,MA,2,,G300,415,415.1,1.340659341,0.293161538,0.293161538,29.0,27.0,56.0,78
730,MA,2,,G300,415,415.1,0.315789474,-1.15267951,-1.15267951,29.0,27.0,56.0,78
731,MA,2,,G300,415,415.1,0.26744186,-1.31885308,-1.31885308,29.0,27.0,56.0,78
732,MA,2,,G300,415,415.1,0.852941176,-0.159064695,-0.159064695,29.0,27.0,56.0,78
733,MA,2,,G300,415,415.1,0.739130435,-0.302280872,-0.302280872,29.0,27.0,56.0,78
734,MA,2,,G300,415,415.1,2.571428571,0.944461609,0.944461609,29.0,27.0,56.0,78
735,MA,2,,G300,415,415.1,0.444444444,-0.810930216,-0.810930216,29.0,27.0,56.0,78
736,MA,2,,G300,417,417.1,0.348684211,-1.053588607,-1.053588607,33.0,46.0,80.0,79
737,MA,2,,G300,417,417.1,0.333333333,-1.098612289,-1.098612289,33.0,46.0,80.0,79
738,MA,2,,G300,417,417.1,0.623188406,-0.472906389,-0.472906389,33.0,46.0,80.0,79
739,MA,2,,G300,417,417.1,0.414012739,-0.881858535,-0.881858535,33.0,46.0,80.0,79
740,MA,2,,G300,417,417.1,0.058823529,-2.833213344,-2.833213344,33.0,46.0,80.0,79
741,MA,2,,G300,418,418.1,0.365079365,-1.00764051,-1.00764051,34.0,36.0,70.0,80
742,MA,2,,G300,418,418.1,0.19047619,-1.658228077,-1.658228077,34.0,36.0,70.0,80
743,MA,2,,G300,418,418.1,2.0,0.693147181,0.693147181,34.0,36.0,70.0,80
744,MA,2,,G300,418,418.1,0.736486486,-0.305864392,-0.305864392,34.0,36.0,70.0,80
745,MA,2,,G300,418,418.1,1.866666667,0.624154309,0.624154309,34.0,36.0,70.0,80
746,MA,2,,G300,418,418.1,7.0,1.945910149,1.945910149,34.0,36.0,70.0,80
747,MA,2,,G300,418,418.1,1.048387097,0.047252885,0.047252885,34.0,36.0,70.0,80
748,MA,2,,G300,419,419.1,0.707317073,-0.346276237,-0.346276237,32.0,47.0,79.0,81
749,MA,2,,G300,419,419.1,0.389312977,-0.94337169,-0.94337169,32.0,47.0,79.0,81
750,MA,2,,G300,419,419.1,0.655172414,-0.422856851,-0.422856851,32.0,47.0,79.0,81
751,MA,2,,G300,419,419.1,0.56,-0.579818495,-0.579818495,32.0,47.0,79.0,81
752,MA,2,,G300,419,419.1,0.114754098,-2.164963715,-2.164963715,32.0,47.0,79.0,81
753,MA,2,,G300,419,419.1,0.2,-1.609437912,-1.609437912,32.0,47.0,79.0,81
754,MA,2,,G300,419,419.1,0.777777778,-0.251314428,-0.251314428,32.0,47.0,79.0,81
755,MA,2,,G300,420,420.1,0.333333333,-1.098612289,-1.098612289,38.0,47.0,85.0,82
756,MA,2,,G300,420,420.1,0.17037037,-1.769780563,-1.769780563,38.0,47.0,85.0,82
757,MA,2,,G300,420,420.1,0.130718954,-2.034705648,-2.034705648,38.0,47.0,85.0,82
758,MA,2,,G300,420,420.1,0.5625,-0.575364145,-0.575364145,38.0,47.0,85.0,82
759,MA,2,,G300,420,420.1,0.099337748,-2.309229636,-2.309229636,38.0,47.0,85.0,82
760,MA,2,,G300,421,421.1,0.844444444,-0.16907633,-0.16907633,13.0,41.0,55.0,83
761,MA,2,,G300,421,421.1,2.473684211,0.905708623,0.905708623,13.0,41.0,55.0,83
762,MA,2,,G300,421,421.1,1.333333333,0.287682072,0.287682072,13.0,41.0,55.0,83
763,MA,2,,G300,421,421.1,1.5,0.405465108,0.405465108,13.0,41.0,55.0,83
764,MA,2,,G300,421,421.1,0.504854369,-0.68348527,-0.68348527,13.0,41.0,55.0,83
765,MA,2,,G300,422,422.1,0.190751445,-1.656784033,-1.656784033,30.0,35.0,65.0,84
766,MA,2,,G300,422,422.1,0.615384615,-0.485507816,-0.485507816,30.0,35.0,65.0,84
767,MA,2,,G300,422,422.1,1.755555556,0.562785363,0.562785363,30.0,35.0,65.0,84
768,MA,2,,G300,422,422.1,0.440298507,-0.820302356,-0.820302356,30.0,35.0,65.0,84
769,MA,2,,G300,422,422.1,13.0,2.564949357,2.564949357,30.0,35.0,65.0,84
770,MA,2,,G300,422,422.1,0.348484848,-1.054160526,-1.054160526,30.0,35.0,65.0,84
771,MA,2,,G300,423,423.1,0.333333333,-1.098612289,-1.098612289,28.0,42.0,70.0,85
772,MA,2,,G300,423,423.1,0.705882353,-0.348306694,-0.348306694,28.0,42.0,70.0,85
773,MA,2,,G300,423,423.1,1.086206897,0.082691716,0.082691716,28.0,42.0,70.0,85
774,MA,2,,G300,423,423.1,0.625,-0.470003629,-0.470003629,28.0,42.0,70.0,85
775,MA,2,,G300,423,423.1,0.168539326,-1.780586169,-1.780586169,28.0,42.0,70.0,85
776,MA,2,,G300,423,423.1,0.761904762,-0.271933715,-0.271933715,28.0,42.0,70.0,85
777,MA,2,,G300,423,423.1,0.8,-0.223143551,-0.223143551,28.0,42.0,70.0,85
778,MA,2,,G300,424,424.1,0.137931034,-1.981001469,-1.981001469,30.0,44.0,75.0,86
779,MA,2,,G300,424,424.1,0.294117647,-1.223775432,-1.223775432,30.0,44.0,75.0,86
780,MA,2,,G300,424,424.1,0.073529412,-2.610069793,-2.610069793,30.0,44.0,75.0,86
781,MA,2,,G300,424,424.1,2.057142857,0.721318058,0.721318058,30.0,44.0,75.0,86
782,MA,2,,G300,425,425.1,0.069444444,-2.667228207,-2.667228207,33.0,35.0,68.0,87
783,MA,2,,G300,425,425.1,0.096774194,-2.335374916,-2.335374916,33.0,35.0,68.0,87
784,MA,2,,G300,425,425.1,0.258503401,-1.352846427,-1.352846427,33.0,35.0,68.0,87
785,MA,2,,G300,427,427.1,0.782608696,-0.245122458,-0.245122458,27.0,42.0,69.0,88
786,MA,2,,G300,427,427.1,0.535714286,-0.624154309,-0.624154309,27.0,42.0,69.0,88
787,MA,2,,G300,427,427.1,1.032258065,0.031748698,0.031748698,27.0,42.0,69.0,88
788,MA,2,,G300,427,427.1,0.545454545,-0.606135804,-0.606135804,27.0,42.0,69.0,88
789,MA,2,,G300,427,427.1,0.378640777,-0.971167342,-0.971167342,27.0,42.0,69.0,88
790,MA,2,,G300,427,427.1,0.469026549,-0.757095905,-0.757095905,27.0,42.0,69.0,88
791,MA,2,,G300,428,428.1,0.085714286,-2.456735773,-2.456735773,24.0,41.0,65.0,89
792,MA,2,,G300,428,428.1,0.4375,-0.826678573,-0.826678573,24.0,41.0,65.0,89
793,MA,2,,G300,429,429.1,0.289940828,-1.238078417,-1.238078417,33.0,35.0,68.0,90
794,MA,2,,G300,429,429.1,0.398373984,-0.920364057,-0.920364057,33.0,35.0,68.0,90
795,MA,2,,G300,429,429.1,0.8,-0.223143551,-0.223143551,33.0,35.0,68.0,90
796,MA,2,,G300,429,429.1,0.518072289,-0.657640492,-0.657640492,33.0,35.0,68.0,90
797,MA,2,,G300,429,429.1,4.5,1.504077397,1.504077397,33.0,35.0,68.0,90
798,MA,2,,G300,429,429.1,0.315789474,-1.15267951,-1.15267951,33.0,35.0,68.0,90
799,MA,2,,G300,430,430.1,0.223529412,-1.498212277,-1.498212277,33.0,23.0,56.0,91
800,MA,2,,G300,431,431.1,0.118644068,-2.131627295,-2.131627295,28.0,38.0,66.0,92
801,MA,2,,G300,431,431.1,0.062857143,-2.766890701,-2.766890701,28.0,38.0,66.0,92
802,MA,2,,G300,431,431.1,0.259911894,-1.347412574,-1.347412574,28.0,38.0,66.0,92
803,MA,2,,G300,431,431.1,0.166666667,-1.791759469,-1.791759469,28.0,38.0,66.0,92
804,MA,2,,G300,431,431.1,0.25,-1.386294361,-1.386294361,28.0,38.0,66.0,92
805,MA,2,,G300,431,431.1,0.062827225,-2.767366778,-2.767366778,28.0,38.0,66.0,92
806,MA,2,,G300,432,432.1,0.445255474,-0.809107062,-0.809107062,26.0,30.0,56.0,93
807,MA,2,,G300,432,432.1,0.591666667,-0.524811866,-0.524811866,26.0,30.0,56.0,93
808,MA,2,,G300,432,432.1,13.66666667,2.614959778,2.614959778,26.0,30.0,56.0,93
809,MA,2,,G300,432,432.1,0.154929577,-1.864784604,-1.864784604,26.0,30.0,56.0,93
810,MA,2,,G300,432,432.1,0.638709677,-0.448305267,-0.448305267,26.0,30.0,56.0,93
811,MA,2,,G300,433,433.1,0.090909091,-2.397895273,-2.397895273,25.0,35.0,60.0,94
812,MA,2,,G300,434,434.1,0.615384615,-0.485507816,-0.485507816,1.0,73.0,73.0,95
813,MA,2,,G300,434,434.1,1.393939394,0.332133835,0.332133835,1.0,73.0,73.0,95
814,MA,2,,G300,434,434.1,0.475206612,-0.744005598,-0.744005598,1.0,73.0,73.0,95
815,MA,2,,G300,434,434.1,0.333333333,-1.098612289,-1.098612289,1.0,73.0,73.0,95
816,MA,2,,G300,434,434.1,0.625,-0.470003629,-0.470003629,1.0,73.0,73.0,95
817,MA,2,,G300,435,435.1,0.076923077,-2.564949357,-2.564949357,31.0,33.0,64.0,96
818,MA,2,,G300,435,435.1,0.061643836,-2.786382044,-2.786382044,31.0,33.0,64.0,96
819,MA,2,,G300,435,435.1,0.509433962,-0.674455048,-0.674455048,31.0,33.0,64.0,96
820,MA,2,,G300,435,435.1,0.652777778,-0.426518517,-0.426518517,31.0,33.0,64.0,96
821,MA,2,,G300,435,435.1,0.27638191,-1.285971639,-1.285971639,31.0,33.0,64.0,96
822,MA,2,,G300,436,436.1,0.227272727,-1.481604541,-1.481604541,31.0,32.0,63.0,97
823,MA,2,,G300,436,436.1,0.612068966,-0.490910314,-0.490910314,31.0,32.0,63.0,97
824,MA,2,,G300,436,436.1,0.550632911,-0.596686914,-0.596686914,31.0,32.0,63.0,97
825,MA,2,,G300,436,436.1,0.383561644,-0.958254931,-0.958254931,31.0,32.0,63.0,97
826,MA,2,,G300,436,436.1,0.605442177,-0.501796217,-0.501796217,31.0,32.0,63.0,97
827,MA,2,,G300,436,436.1,0.532374101,-0.63040884,-0.63040884,31.0,32.0,63.0,97
828,MA,2,,G300,436,436.1,1.4,0.336472237,0.336472237,31.0,32.0,63.0,97
829,MA,2,,G300,437,437.1,0.131944444,-2.02537432,-2.02537432,48.0,34.0,82.0,98
830,MA,2,,G300,437,437.1,0.14379085,-1.939395468,-1.939395468,48.0,34.0,82.0,98
831,MA,2,,G300,437,437.1,0.597633136,-0.514778198,-0.514778198,48.0,34.0,82.0,98
832,MA,2,,G300,437,437.1,0.098901099,-2.313634929,-2.313634929,48.0,34.0,82.0,98
833,MA,2,,G300,437,437.1,0.122905028,-2.096343352,-2.096343352,48.0,34.0,82.0,98
834,MA,2,,G300,437,437.1,0.195121951,-1.634130525,-1.634130525,48.0,34.0,82.0,98
835,MA,2,,G300,438,438.1,0.171597633,-1.762602885,-1.762602885,34.0,46.0,81.0,99
836,MA,2,,G300,438,438.1,0.10880829,-2.218167751,-2.218167751,34.0,46.0,81.0,99
837,MA,2,,G300,438,438.1,0.484848485,-0.723918839,-0.723918839,34.0,46.0,81.0,99
838,MA,2,,G300,438,438.1,0.238372093,-1.43392241,-1.43392241,34.0,46.0,81.0,99
839,MA,2,,G300,438,438.1,0.096153846,-2.341805806,-2.341805806,34.0,46.0,81.0,99
840,MA,2,,G300,438,438.1,0.136645963,-1.990361912,-1.990361912,34.0,46.0,81.0,99
841,MA,2,,G300,439,439.1,0.693333333,-0.366244395,-0.366244395,27.0,18.0,44.0,100
842,MA,2,,G300,440,440.1,0.222222222,-1.504077397,-1.504077397,35.0,28.0,63.0,101
843,MA,2,,G300,440,440.1,0.48,-0.733969175,-0.733969175,35.0,28.0,63.0,101
844,MA,2,,G300,440,440.1,0.230769231,-1.466337069,-1.466337069,35.0,28.0,63.0,101
845,MA,2,,G300,441,441.1,8.666666667,2.159484249,2.159484249,31.0,38.0,70.0,102
846,MA,2,,G300,441,441.1,1.833333333,0.606135804,0.606135804,31.0,38.0,70.0,102
847,MA,2,,G300,441,441.1,4.421052632,1.48637782,1.48637782,31.0,38.0,70.0,102
848,MA,2,,G300,441,441.1,0.242105263,-1.418382676,-1.418382676,31.0,38.0,70.0,102
849,MA,2,,G300,441,441.1,16.0,2.772588722,2.772588722,31.0,38.0,70.0,102
850,MA,2,,G300,441,441.1,0.672566372,-0.396654478,-0.396654478,31.0,38.0,70.0,102
851,MA,2,,G300,441,441.1,2.054054054,0.719815428,0.719815428,31.0,38.0,70.0,102
852,MA,2,,G300,442,442.1,0.733333333,-0.310154928,-0.310154928,29.0,44.0,73.0,103
853,MA,2,,G300,442,442.1,0.7,-0.356674944,-0.356674944,29.0,44.0,73.0,103
854,MA,2,,G300,442,442.1,0.193877551,-1.6405285,-1.6405285,29.0,44.0,73.0,103
855,MA,2,,G300,442,442.1,0.288,-1.244794799,-1.244794799,29.0,44.0,73.0,103
856,MA,2,,G300,442,442.1,0.779069767,-0.249654677,-0.249654677,29.0,44.0,73.0,103
857,MA,2,,G300,442,442.1,0.542168675,-0.612178118,-0.612178118,29.0,44.0,73.0,103
858,MA,2,,G300,442,442.1,0.057692308,-2.85263143,-2.85263143,29.0,44.0,73.0,103
859,MA,2,,G300,443,443.1,1.766666667,0.569094532,0.569094532,44.0,46.0,90.0,104
860,MA,2,,G300,443,443.1,0.430894309,-0.841892442,-0.841892442,44.0,46.0,90.0,104
861,MA,2,,G300,443,443.1,2.2,0.78845736,0.78845736,44.0,46.0,90.0,104
862,MA,2,,G300,443,443.1,0.242424242,-1.41706602,-1.41706602,44.0,46.0,90.0,104
863,MA,2,,G300,443,443.1,0.422222222,-0.862223511,-0.862223511,44.0,46.0,90.0,104
864,MA,2,,G300,443,443.1,0.666666667,-0.405465108,-0.405465108,44.0,46.0,90.0,104
865,MA,2,,G300,443,443.1,0.226190476,-1.48637782,-1.48637782,44.0,46.0,90.0,104
866,MA,2,,G300,444,444.1,0.062937063,-2.765620053,-2.765620053,32.0,58.0,90.0,105
867,MA,2,,G300,444,444.1,0.055555556,-2.890371758,-2.890371758,32.0,58.0,90.0,105
868,MA,2,,G300,444,444.1,0.114583333,-2.166452919,-2.166452919,32.0,58.0,90.0,105
869,MA,2,,G300,444,444.1,0.130434783,-2.036881927,-2.036881927,32.0,58.0,90.0,105
870,MA,2,,G300,444,444.1,0.131147541,-2.031432322,-2.031432322,32.0,58.0,90.0,105
871,MA,2,,G300,445,445.1,1.236363636,0.21217452,0.21217452,43.0,38.0,81.0,106
872,MA,2,,G300,445,445.1,0.375,-0.980829253,-0.980829253,43.0,38.0,81.0,106
873,MA,2,,G300,445,445.1,1.5,0.405465108,0.405465108,43.0,38.0,81.0,106
874,MA,2,,G300,445,445.1,0.284848485,-1.255797872,-1.255797872,43.0,38.0,81.0,106
875,MA,2,,G300,445,445.1,0.118918919,-2.129313372,-2.129313372,43.0,38.0,81.0,106
876,MA,2,,G300,445,445.1,0.409356725,-0.893168314,-0.893168314,43.0,38.0,81.0,106
877,MA,2,,G300,446,446.1,0.601809955,-0.507813573,-0.507813573,4.0,84.0,88.0,107
878,MA,2,,G300,446,446.1,0.325757576,-1.121601807,-1.121601807,4.0,84.0,88.0,107
879,MA,2,,G300,446,446.1,0.861538462,-0.149035579,-0.149035579,4.0,84.0,88.0,107
880,MA,2,,G300,446,446.1,0.831521739,-0.184497836,-0.184497836,4.0,84.0,88.0,107
881,MA,2,,G300,446,446.1,0.916666667,-0.087011377,-0.087011377,4.0,84.0,88.0,107
882,MA,2,,G300,447,447.1,0.095744681,-2.346070205,-2.346070205,39.0,43.0,82.0,108
883,MA,2,,G300,448,448.1,0.714285714,-0.336472237,-0.336472237,29.0,31.0,60.0,109
884,MA,2,,G300,448,448.1,0.08,-2.525728644,-2.525728644,29.0,31.0,60.0,109
885,MA,3,,G300,400,400.2,0.116883117,-2.146580845,-2.146580845,36.0,37.0,73.0,110
886,MA,3,,G300,400,400.2,0.163934426,-1.808288771,-1.808288771,36.0,37.0,73.0,110
887,MA,3,,G300,400,400.2,0.061728395,-2.785011242,-2.785011242,36.0,37.0,73.0,110
888,MA,3,,G300,400,400.2,0.2,-1.609437912,-1.609437912,36.0,37.0,73.0,110
889,MA,3,,G300,400,400.2,0.806818182,-0.214656937,-0.214656937,36.0,37.0,73.0,110
890,MA,3,,G300,401,401.2,0.505882353,-0.681451141,-0.681451141,33.0,39.0,72.0,111
891,MA,3,,G300,401,401.2,1.578947368,0.456758402,0.456758402,33.0,39.0,72.0,111
892,MA,3,,G300,401,401.2,0.070175439,-2.656756907,-2.656756907,33.0,39.0,72.0,111
893,MA,3,,G300,402,402.2,0.212121212,-1.550597412,-1.550597412,25.0,37.0,62.0,112
894,MA,3,,G300,402,402.2,0.098591549,-2.316769728,-2.316769728,25.0,37.0,62.0,112
895,MA,3,,G300,402,402.2,0.113300493,-2.177711763,-2.177711763,25.0,37.0,62.0,112
896,MA,3,,G300,402,402.2,0.117318436,-2.142863368,-2.142863368,25.0,37.0,62.0,112
897,MA,3,,G300,402,402.2,0.305084746,-1.187165686,-1.187165686,25.0,37.0,62.0,112
898,MA,3,,G300,404,404.2,0.24137931,-1.421385681,-1.421385681,22.0,35.0,57.0,113
899,MA,3,,G300,404,404.2,0.068181818,-2.685577345,-2.685577345,22.0,35.0,57.0,113
900,MA,3,,G300,404,404.2,0.577319588,-0.549359288,-0.549359288,22.0,35.0,57.0,113
901,MA,3,,G300,405,405.2,0.711711712,-0.340082349,-0.340082349,38.0,45.0,83.0,114
902,MA,3,,G300,405,405.2,0.092050209,-2.385421099,-2.385421099,38.0,45.0,83.0,114
903,MA,3,,G300,405,405.2,0.25,-1.386294361,-1.386294361,38.0,45.0,83.0,114
904,MA,3,,G300,405,405.2,0.08988764,-2.409194828,-2.409194828,38.0,45.0,83.0,114
905,MA,3,,G300,405,405.2,0.109090909,-2.215573716,-2.215573716,38.0,45.0,83.0,114
906,MA,3,,G300,405,405.2,0.727272727,-0.318453731,-0.318453731,38.0,45.0,83.0,114
907,MA,3,,G300,406,406.2,2.423076923,0.885038188,0.885038188,27.0,44.0,71.0,115
908,MA,3,,G300,406,406.2,2.166666667,0.773189888,0.773189888,27.0,44.0,71.0,115
909,MA,3,,G300,407,407.2,0.054794521,-2.90416508,-2.90416508,38.0,50.0,88.0,116
910,MA,3,,G300,407,407.2,0.658227848,-0.418204134,-0.418204134,38.0,50.0,88.0,116
911,MA,3,,G300,407,407.2,0.077922078,-2.552045953,-2.552045953,38.0,50.0,88.0,116
912,MA,3,,G300,407,407.2,0.260162602,-1.346448453,-1.346448453,38.0,50.0,88.0,116
913,MA,3,,G300,408,408.2,0.203125,-1.593933726,-1.593933726,18.0,49.0,67.0,117
914,MA,3,,G300,408,408.2,0.356164384,-1.032362903,-1.032362903,18.0,49.0,67.0,117
915,MA,3,,G300,408,408.2,2.267857143,0.818835396,0.818835396,18.0,49.0,67.0,117
916,MA,3,,G300,408,408.2,0.573913043,-0.555277386,-0.555277386,18.0,49.0,67.0,117
917,MA,3,,G300,408,408.2,0.278350515,-1.278874112,-1.278874112,18.0,49.0,67.0,117
918,MA,3,,G300,410,410.2,0.202702703,-1.596014892,-1.596014892,29.0,43.0,72.0,118
919,MA,3,,G300,410,410.2,0.473333333,-0.747955417,-0.747955417,29.0,43.0,72.0,118
920,MA,3,,G300,410,410.2,0.328467153,-1.113318436,-1.113318436,29.0,43.0,72.0,118
921,MA,3,,G300,410,410.2,0.261904762,-1.339774345,-1.339774345,29.0,43.0,72.0,118
922,MA,3,,G300,410,410.2,0.625,-0.470003629,-0.470003629,29.0,43.0,72.0,118
923,MA,3,,G300,410,410.2,0.457831325,-0.781254448,-0.781254448,29.0,43.0,72.0,118
924,MA,3,,G300,410,410.2,1.093333333,0.089231134,0.089231134,29.0,43.0,72.0,118
925,MA,3,,G300,411,411.2,0.44,-0.820980552,-0.820980552,24.0,43.0,67.0,119
926,MA,3,,G300,411,411.2,0.057692308,-2.85263143,-2.85263143,24.0,43.0,67.0,119
927,MA,3,,G300,411,411.2,0.310344828,-1.170071253,-1.170071253,24.0,43.0,67.0,119
928,MA,3,,G300,411,411.2,0.277777778,-1.280933845,-1.280933845,24.0,43.0,67.0,119
929,MA,3,,G300,412,412.2,0.142857143,-1.945910149,-1.945910149,28.0,40.0,68.0,120
930,MA,3,,G300,412,412.2,0.420634921,-0.865989993,-0.865989993,28.0,40.0,68.0,120
931,MA,3,,G300,412,412.2,0.445378151,-0.80883158,-0.80883158,28.0,40.0,68.0,120
932,MA,3,,G300,412,412.2,0.316455696,-1.150572028,-1.150572028,28.0,40.0,68.0,120
933,MA,3,,G300,412,412.2,0.190751445,-1.656784033,-1.656784033,28.0,40.0,68.0,120
934,MA,3,,G300,412,412.2,0.466019417,-0.763527977,-0.763527977,28.0,40.0,68.0,120
935,MA,3,,G300,413,413.2,1.364583333,0.310849132,0.310849132,37.0,32.0,69.0,121
936,MA,3,,G300,414,414.2,0.251612903,-1.379863471,-1.379863471,35.0,37.0,72.0,122
937,MA,3,,G300,414,414.2,0.089285714,-2.415913778,-2.415913778,35.0,37.0,72.0,122
938,MA,3,,G300,414,414.2,0.21656051,-1.529885281,-1.529885281,35.0,37.0,72.0,122
939,MA,3,,G300,414,414.2,0.068181818,-2.685577345,-2.685577345,35.0,37.0,72.0,122
940,MA,3,,G300,414,414.2,0.14,-1.966112856,-1.966112856,35.0,37.0,72.0,122
941,MA,3,,G300,414,414.2,0.282608696,-1.263692039,-1.263692039,35.0,37.0,72.0,122
942,MA,3,,G300,415,415.2,0.223300971,-1.499234772,-1.499234772,29.0,42.0,71.0,123
943,MA,3,,G300,415,415.2,0.736111111,-0.306374205,-0.306374205,29.0,42.0,71.0,123
944,MA,3,,G300,415,415.2,0.071428571,-2.63905733,-2.63905733,29.0,42.0,71.0,123
945,MA,3,,G300,415,415.2,0.471590909,-0.751643387,-0.751643387,29.0,42.0,71.0,123
946,MA,3,,G300,415,415.2,0.652631579,-0.426742507,-0.426742507,29.0,42.0,71.0,123
947,MA,3,,G300,416,416.2,0.745454545,-0.293761119,-0.293761119,18.0,11.0,29.0,124
948,MA,3,,G300,416,416.2,0.75,-0.287682072,-0.287682072,18.0,11.0,29.0,124
949,MA,3,,G300,417,417.2,0.360655738,-1.019831411,-1.019831411,33.0,32.0,65.0,125
950,MA,3,,G300,417,417.2,1.111111111,0.105360516,0.105360516,33.0,32.0,65.0,125
951,MA,3,,G300,417,417.2,0.245762712,-1.403388794,-1.403388794,33.0,32.0,65.0,125
952,MA,3,,G300,417,417.2,0.327586207,-1.116004031,-1.116004031,33.0,32.0,65.0,125
953,MA,3,,G300,418,418.2,0.6875,-0.374693449,-0.374693449,34.0,29.0,63.0,126
954,MA,3,,G300,418,418.2,0.401408451,-0.91277579,-0.91277579,34.0,29.0,63.0,126
955,MA,3,,G300,418,418.2,0.141361257,-1.956436562,-1.956436562,34.0,29.0,63.0,126
956,MA,3,,G300,418,418.2,0.328125,-1.114360646,-1.114360646,34.0,29.0,63.0,126
957,MA,3,,G300,418,418.2,0.211428571,-1.553868061,-1.553868061,34.0,29.0,63.0,126
958,MA,3,,G300,418,418.2,0.2,-1.609437912,-1.609437912,34.0,29.0,63.0,126
959,MA,3,,G300,419,419.2,0.362068966,-1.015920573,-1.015920573,32.0,32.0,64.0,127
960,MA,3,,G300,419,419.2,4.2,1.435084525,1.435084525,32.0,32.0,64.0,127
961,MA,3,,G300,419,419.2,0.395348837,-0.927986772,-0.927986772,32.0,32.0,64.0,127
962,MA,3,,G300,420,420.2,0.169230769,-1.776491997,-1.776491997,38.0,48.0,86.0,128
963,MA,3,,G300,421,421.2,0.377777778,-0.973449146,-0.973449146,13.0,32.0,45.0,129
964,MA,3,,G300,421,421.2,0.417177914,-0.874242496,-0.874242496,13.0,32.0,45.0,129
965,MA,3,,G300,421,421.2,0.422535211,-0.861482495,-0.861482495,13.0,32.0,45.0,129
966,MA,3,,G300,421,421.2,0.673469388,-0.395312737,-0.395312737,13.0,32.0,45.0,129
967,MA,3,,G300,421,421.2,0.127659574,-2.058388132,-2.058388132,13.0,32.0,45.0,129
968,MA,3,,G300,421,421.2,0.285714286,-1.252762968,-1.252762968,13.0,32.0,45.0,129
969,MA,3,,G300,422,422.2,1.732142857,0.549359288,0.549359288,30.0,45.0,76.0,130
970,MA,3,,G300,422,422.2,0.328358209,-1.113650166,-1.113650166,30.0,45.0,76.0,130
971,MA,3,,G300,422,422.2,0.471153846,-0.752570601,-0.752570601,30.0,45.0,76.0,130
972,MA,3,,G300,422,422.2,0.5,-0.693147181,-0.693147181,30.0,45.0,76.0,130
973,MA,3,,G300,422,422.2,0.287878788,-1.245215763,-1.245215763,30.0,45.0,76.0,130
974,MA,3,,G300,422,422.2,1.818181818,0.597837001,0.597837001,30.0,45.0,76.0,130
975,MA,3,,G300,423,423.2,0.52173913,-0.650587566,-0.650587566,28.0,37.0,65.0,131
976,MA,3,,G300,423,423.2,0.176470588,-1.734601055,-1.734601055,28.0,37.0,65.0,131
977,MA,3,,G300,423,423.2,0.473684211,-0.747214402,-0.747214402,28.0,37.0,65.0,131
978,MA,3,,G300,423,423.2,0.356589147,-1.031171008,-1.031171008,28.0,37.0,65.0,131
979,MA,3,,G300,427,427.2,0.55,-0.597837001,-0.597837001,27.0,39.0,66.0,132
980,MA,3,,G300,427,427.2,0.43125,-0.841067311,-0.841067311,27.0,39.0,66.0,132
981,MA,3,,G300,427,427.2,0.301675978,-1.198401759,-1.198401759,27.0,39.0,66.0,132
982,MA,3,,G300,427,427.2,0.967479675,-0.033060862,-0.033060862,27.0,39.0,66.0,132
983,MA,3,,G300,428,428.2,0.376811594,-0.976009967,-0.976009967,24.0,40.0,64.0,133
984,MA,3,,G300,428,428.2,0.32885906,-1.112126008,-1.112126008,24.0,40.0,64.0,133
985,MA,3,,G300,428,428.2,1.8,0.587786665,0.587786665,24.0,40.0,64.0,133
986,MA,3,,G300,428,428.2,0.452054795,-0.79395188,-0.79395188,24.0,40.0,64.0,133
987,MA,3,,G300,430,430.2,0.488372093,-0.716677678,-0.716677678,33.0,15.0,48.0,134
988,MA,3,,G300,431,431.2,0.25,-1.386294361,-1.386294361,28.0,28.0,56.0,135
989,MA,3,,G300,431,431.2,0.636363636,-0.451985124,-0.451985124,28.0,28.0,56.0,135
990,MA,3,,G300,431,431.2,0.196721311,-1.625967214,-1.625967214,28.0,28.0,56.0,135
991,MA,3,,G300,431,431.2,0.466216216,-0.763105769,-0.763105769,28.0,28.0,56.0,135
992,MA,3,,G300,431,431.2,0.466666667,-0.762140052,-0.762140052,28.0,28.0,56.0,135
993,MA,3,,G300,431,431.2,0.496296296,-0.700582159,-0.700582159,28.0,28.0,56.0,135
994,MA,3,,G300,432,432.2,1.746268657,0.557481315,0.557481315,26.0,29.0,55.0,136
995,MA,3,,G300,432,432.2,0.291666667,-1.232143681,-1.232143681,26.0,29.0,55.0,136
996,MA,3,,G300,432,432.2,0.438016529,-0.825498632,-0.825498632,26.0,29.0,55.0,136
997,MA,3,,G300,432,432.2,1.36,0.3074847,0.3074847,26.0,29.0,55.0,136
998,MA,3,,G300,432,432.2,0.688888889,-0.372675285,-0.372675285,26.0,29.0,55.0,136
999,MA,3,,G300,434,434.2,1.024390244,0.024097552,0.024097552,1.0,15.0,16.0,137
1000,MA,3,,G300,434,434.2,0.105263158,-2.251291799,-2.251291799,1.0,15.0,16.0,137
1001,MA,3,,G300,434,434.2,0.548780488,-0.600056757,-0.600056757,1.0,15.0,16.0,137
1002,MA,3,,G300,435,435.2,0.056179775,-2.879198457,-2.879198457,31.0,33.0,64.0,138
1003,MA,3,,G300,435,435.2,0.102564103,-2.277267285,-2.277267285,31.0,33.0,64.0,138
1004,MA,3,,G300,436,436.2,0.068493151,-2.681021529,-2.681021529,31.0,49.0,80.0,139
1005,MA,3,,G300,436,436.2,0.378787879,-0.970778917,-0.970778917,31.0,49.0,80.0,139
1006,MA,3,,G300,436,436.2,0.875,-0.133531393,-0.133531393,31.0,49.0,80.0,139
1007,MA,3,,G300,437,437.2,1.074074074,0.071458964,0.071458964,48.0,34.0,82.0,140
1008,MA,3,,G300,439,439.2,0.114624506,-2.166093659,-2.166093659,27.0,16.0,43.0,141
1009,MA,3,,G300,440,440.2,0.455882353,-0.785520501,-0.785520501,35.0,37.0,72.0,142
1010,MA,3,,G300,440,440.2,0.248322148,-1.393028393,-1.393028393,35.0,37.0,72.0,142
1011,MA,3,,G300,441,441.2,0.23655914,-1.44155704,-1.44155704,31.0,28.0,59.0,143
1012,MA,3,,G300,441,441.2,0.053571429,-2.926739402,-2.926739402,31.0,28.0,59.0,143
1013,MA,3,,G300,441,441.2,0.278106509,-1.279751113,-1.279751113,31.0,28.0,59.0,143
1014,MA,3,,G300,441,441.2,0.266666667,-1.32175584,-1.32175584,31.0,28.0,59.0,143
1015,MA,3,,G300,441,441.2,0.473333333,-0.747955417,-0.747955417,31.0,28.0,59.0,143
1016,MA,3,,G300,442,442.2,0.226666667,-1.484274769,-1.484274769,29.0,26.0,55.0,144
1017,MA,3,,G300,442,442.2,0.474226804,-0.746069582,-0.746069582,29.0,26.0,55.0,144
1018,MA,3,,G300,442,442.2,0.241935484,-1.419084184,-1.419084184,29.0,26.0,55.0,144
1019,MA,3,,G300,442,442.2,0.417475728,-0.873528873,-0.873528873,29.0,26.0,55.0,144
1020,MA,3,,G300,443,443.2,0.173913043,-1.749199855,-1.749199855,44.0,35.0,79.0,145
1021,MA,3,,G300,443,443.2,0.117370892,-2.142416341,-2.142416341,44.0,35.0,79.0,145
1022,MA,3,,G300,443,443.2,0.422818792,-0.86081158,-0.86081158,44.0,35.0,79.0,145
1023,MA,3,,G300,443,443.2,0.21686747,-1.52846885,-1.52846885,44.0,35.0,79.0,145
1024,MA,3,,G300,443,443.2,0.442424242,-0.815486033,-0.815486033,44.0,35.0,79.0,145
1025,MA,3,,G300,444,444.2,0.272727273,-1.299282984,-1.299282984,32.0,39.0,72.0,146
1026,MA,3,,G300,444,444.2,0.058139535,-2.844909384,-2.844909384,32.0,39.0,72.0,146
1027,MA,3,,G300,444,444.2,0.110526316,-2.202501634,-2.202501634,32.0,39.0,72.0,146
1028,MA,3,,G300,445,445.2,0.108910891,-2.217225244,-2.217225244,43.0,33.0,76.0,147
1029,MA,3,,G300,445,445.2,0.632352941,-0.458307589,-0.458307589,43.0,33.0,76.0,147
1030,MA,3,,G300,445,445.2,0.446280992,-0.806806499,-0.806806499,43.0,33.0,76.0,147
1031,MA,3,,G300,446,446.2,0.274853801,-1.291515955,-1.291515955,4.0,26.0,30.0,148
1032,MA,3,,G300,446,446.2,0.572368421,-0.557972402,-0.557972402,4.0,26.0,30.0,148
1033,MA,3,,G300,446,446.2,0.272727273,-1.299282984,-1.299282984,4.0,26.0,30.0,148
1034,MA,3,,G300,446,446.2,0.476190476,-0.741937345,-0.741937345,4.0,26.0,30.0,148
1035,MA,3,,G300,446,446.2,0.201005025,-1.604425371,-1.604425371,4.0,26.0,30.0,148
